-- ==================== FAVORITES ====================
INSERT INTO favorites (id, user_id, product_id, created_at) VALUES ('4b97dd3e-5fde-45cd-8629-13795b86b6dd', '2f3be25b-648f-4d4b-9b1c-ca3e59743253', '4d4b854b-f443-40f8-9864-47e3a1d13dbf', now() - interval '1 days');
INSERT INTO favorites (id, user_id, product_id, created_at) VALUES ('d7167225-5bbd-4c4b-a284-d66253e1c098', '24685976-9721-4eb9-ac16-9cfb18393ac9', 'eadd9a9e-7024-427a-8060-c40d1aed1ffb', now() - interval '10 days');
INSERT INTO favorites (id, user_id, product_id, created_at) VALUES ('51bb6b0b-55c0-4b15-a447-a7a3474dbc9f', '169ee32b-b546-4bd4-8483-eef39a28ec7d', 'a81c4cc6-e21c-4d71-bca3-891c4f26e678', now() - interval '24 days');
INSERT INTO favorites (id, user_id, product_id, created_at) VALUES ('4475f6dd-c1ef-44a3-83c1-6e96524a7df6', '3f3da1f0-5ad5-4a1f-bbb2-945ce44ed4a4', '9859e5d1-1901-4de7-9e0e-04e769df1780', now() - interval '6 days');
INSERT INTO favorites (id, user_id, product_id, created_at) VALUES ('5565ca4f-eed5-4562-95e6-8a0f53a9a3e7', '2c5b997f-fadd-4722-b8e8-ce16a5b1ed30', '98aa955a-6ee0-4d12-931e-db27d6a82d22', now() - interval '3 days');
INSERT INTO favorites (id, user_id, product_id, created_at) VALUES ('de33e890-b39d-4955-94eb-dd403b3fbddc', 'bc750b17-f47f-410e-81c8-4ebb7d1c99c2', '87f12a8d-dadf-4dfa-8c50-bdc4e376c350', now() - interval '19 days');
INSERT INTO favorites (id, user_id, product_id, created_at) VALUES ('41014d95-7c1a-494e-a365-77ea6b52d801', '4dab0120-2d43-4213-8b51-cf83421a08b1', '5cec2c03-0a43-4f55-a021-b23895836a7b', now() - interval '12 days');
INSERT INTO favorites (id, user_id, product_id, created_at) VALUES ('1a17d9b6-df27-4743-a28e-0425d1d963b3', '910fa170-6a3e-49eb-9a20-d723005fd5e5', '664df8bc-b7f8-4554-9c58-50333781d286', now() - interval '18 days');
INSERT INTO favorites (id, user_id, product_id, created_at) VALUES ('94878864-d17e-433f-a8ec-cb308b74c200', '5a17eba6-dc7a-4dfe-a6e5-3e474d73a201', 'e78a4c24-090f-4843-af05-003f13845707', now() - interval '8 days');
INSERT INTO favorites (id, user_id, product_id, created_at) VALUES ('c758e846-d368-4d32-aa6c-f52eb67b46cb', '8da60c79-a727-4846-8744-41c09307ac7d', '382a1b62-f56e-4d7a-9d33-87753481eed6', now() - interval '1 days');
INSERT INTO favorites (id, user_id, product_id, created_at) VALUES ('d363d227-8d09-461d-a713-5f4a2b1d9608', '6ac5f17f-3892-4287-b049-5a9235d0a7e8', '97b51c00-3ce4-4b44-b2b0-7f51a46e27d8', now() - interval '25 days');
INSERT INTO favorites (id, user_id, product_id, created_at) VALUES ('fa964eb7-184f-49f2-86cd-502a92312a69', 'bc750b17-f47f-410e-81c8-4ebb7d1c99c2', '1570f002-8a2a-465f-92fa-672ffce4fefb', now() - interval '23 days');
INSERT INTO favorites (id, user_id, product_id, created_at) VALUES ('4ca981e9-5ce8-46f5-87b4-20d7d86ced8b', '92f7b1da-5c5c-48a9-9019-73377efd7b16', 'dfe9b41f-649a-4b3f-a1c3-e2db699a1e24', now() - interval '20 days');
INSERT INTO favorites (id, user_id, product_id, created_at) VALUES ('78c178d5-5681-41e5-94fb-dc885ba9d967', '677dc151-c63d-40d7-ac9b-2a2e6156c70d', 'a1f722c2-7781-487c-b59a-ea38d839878d', now() - interval '29 days');
INSERT INTO favorites (id, user_id, product_id, created_at) VALUES ('440ad5db-9710-4c5a-8875-27f545c7b7ec', '910fa170-6a3e-49eb-9a20-d723005fd5e5', '5cbabd0d-38d7-45a3-9862-f963465cbe39', now() - interval '16 days');
INSERT INTO favorites (id, user_id, product_id, created_at) VALUES ('c07d70c8-2079-4da4-b3d6-1136d7c22865', '5a17eba6-dc7a-4dfe-a6e5-3e474d73a201', '3d8fc1a9-82b4-4597-83a6-17393208aa1f', now() - interval '8 days');
INSERT INTO favorites (id, user_id, product_id, created_at) VALUES ('94d532c4-bfb8-4222-8fb9-dab0a6048ed7', '910fa170-6a3e-49eb-9a20-d723005fd5e5', '1cd8c766-f3b9-466b-bf52-f880627061f8', now() - interval '16 days');
INSERT INTO favorites (id, user_id, product_id, created_at) VALUES ('c9deaa3a-cbf8-4165-86b6-0f1fc0f469df', 'b24fc325-fcba-4fb9-9e85-0cfb3b393b80', '3abd0f9e-cdb1-4752-824e-4c215c448904', now() - interval '1 days');
INSERT INTO favorites (id, user_id, product_id, created_at) VALUES ('0b96d555-647e-4cf5-a746-a53492cb329b', 'ced1757a-351b-47e9-bfe9-de7f8ce0f115', '382a1b62-f56e-4d7a-9d33-87753481eed6', now() - interval '12 days');
INSERT INTO favorites (id, user_id, product_id, created_at) VALUES ('f9ecd8b8-af32-4a3c-afdb-e053f9f1ce40', '910fa170-6a3e-49eb-9a20-d723005fd5e5', '46cf0f26-b893-47d2-93e3-f8bf73f90fcc', now() - interval '13 days');
INSERT INTO favorites (id, user_id, product_id, created_at) VALUES ('880f4be4-1a75-486c-9c2d-b7e029f18b43', '47065d79-30f4-4e45-b389-67464723e555', 'dfe9b41f-649a-4b3f-a1c3-e2db699a1e24', now() - interval '17 days');
INSERT INTO favorites (id, user_id, product_id, created_at) VALUES ('5965b52c-a022-4991-b2e6-67aeae89dd0d', '47065d79-30f4-4e45-b389-67464723e555', 'e78a4c24-090f-4843-af05-003f13845707', now() - interval '5 days');
INSERT INTO favorites (id, user_id, product_id, created_at) VALUES ('1ae6af97-07b6-441b-bf51-3e33a02ab5d7', '59a36309-e51b-400a-99f1-cfd4ad860b76', '46cf0f26-b893-47d2-93e3-f8bf73f90fcc', now() - interval '26 days');
INSERT INTO favorites (id, user_id, product_id, created_at) VALUES ('8e445ad3-d58e-4e4d-bd56-f0494805b79e', '6c9054d7-f023-48b0-af78-953ebc4064b2', '327e6faf-e4bd-40e3-b9a8-fa6a0d042fe0', now() - interval '24 days');
INSERT INTO favorites (id, user_id, product_id, created_at) VALUES ('aeb76844-4d9c-414b-9715-b88b45e4737f', '6ac5f17f-3892-4287-b049-5a9235d0a7e8', 'b7a9d059-7057-4ced-87ac-685c267f3e71', now() - interval '3 days');
INSERT INTO favorites (id, user_id, product_id, created_at) VALUES ('51432034-cdc6-4e5e-a422-dafad07c318e', '24685976-9721-4eb9-ac16-9cfb18393ac9', '3c960ccb-9ce5-4194-8e17-a098b7200a39', now() - interval '12 days');
INSERT INTO favorites (id, user_id, product_id, created_at) VALUES ('9d889366-b588-46a3-a181-88b739af201e', '7b8b5c0f-f7f9-41fb-bb7f-3c49237dc6a5', '6b623488-9528-4d56-8b56-0e23809bb508', now() - interval '27 days');
INSERT INTO favorites (id, user_id, product_id, created_at) VALUES ('952dbc47-f417-4b9c-a172-0f758590f172', '2f3be25b-648f-4d4b-9b1c-ca3e59743253', '042aed6d-61f0-4f60-8bdc-b84fc0355702', now() - interval '29 days');
INSERT INTO favorites (id, user_id, product_id, created_at) VALUES ('c44cecb5-e044-4fba-9716-18c0c7a70b45', '6ac5f17f-3892-4287-b049-5a9235d0a7e8', 'e498484b-2823-48d5-8959-e27e33a0b562', now() - interval '19 days');
INSERT INTO favorites (id, user_id, product_id, created_at) VALUES ('a4d07d73-2486-4608-93ac-f7dfbe0318ce', '72838548-158c-4369-b307-1e907b9f12f3', '8bac43d5-a766-447a-9599-bc4a6b13a127', now() - interval '6 days');
INSERT INTO favorites (id, user_id, product_id, created_at) VALUES ('d69a8571-ab31-4db3-8211-410a22c209c8', '50c249a0-c5be-442e-b56c-a604ae056500', '02d3f48c-0b2a-4396-9742-2406146bb1b2', now() - interval '0 days');
INSERT INTO favorites (id, user_id, product_id, created_at) VALUES ('7f9b79a6-ed8a-4840-a26e-0bf5f96ebe7c', '2f3be25b-648f-4d4b-9b1c-ca3e59743253', 'd56621ee-75e0-412e-a209-95c1939e64d3', now() - interval '29 days');
INSERT INTO favorites (id, user_id, product_id, created_at) VALUES ('830637f0-79ab-4dd6-b064-5665d289756b', 'ced1757a-351b-47e9-bfe9-de7f8ce0f115', '1692fb7a-16b7-458a-ae12-132e1adee8bc', now() - interval '11 days');
INSERT INTO favorites (id, user_id, product_id, created_at) VALUES ('23a26067-e746-475a-b345-3ebc85d9d2c9', 'b24fc325-fcba-4fb9-9e85-0cfb3b393b80', 'a9fa54f5-f0b2-4979-bf26-78f6467db8b2', now() - interval '2 days');
INSERT INTO favorites (id, user_id, product_id, created_at) VALUES ('cd50bc3d-6528-4032-84d0-e46626dc3dbd', '6c9054d7-f023-48b0-af78-953ebc4064b2', 'b7f6fd45-1e17-4624-8b2c-d588c4e291c2', now() - interval '10 days');
INSERT INTO favorites (id, user_id, product_id, created_at) VALUES ('78b4f648-88ef-4e3f-8d07-cdfcb7c01d1b', '3f3da1f0-5ad5-4a1f-bbb2-945ce44ed4a4', '80dee3b0-bb97-4949-bfda-b8d976237d85', now() - interval '9 days');
INSERT INTO favorites (id, user_id, product_id, created_at) VALUES ('395fab66-6b02-4d78-9bb8-19255819fe4a', '92f7b1da-5c5c-48a9-9019-73377efd7b16', '3dff2273-7187-45bb-8cbe-a5ac5e17234b', now() - interval '12 days');
INSERT INTO favorites (id, user_id, product_id, created_at) VALUES ('0b2d8f84-742c-4aa6-9059-84537d451762', '4dab0120-2d43-4213-8b51-cf83421a08b1', '46cf0f26-b893-47d2-93e3-f8bf73f90fcc', now() - interval '27 days');
INSERT INTO favorites (id, user_id, product_id, created_at) VALUES ('6eec4eee-bb90-4446-9cd5-46f3d7b06779', '2f3be25b-648f-4d4b-9b1c-ca3e59743253', '1692fb7a-16b7-458a-ae12-132e1adee8bc', now() - interval '13 days');
INSERT INTO favorites (id, user_id, product_id, created_at) VALUES ('b0d07030-24a1-4501-a012-b5a75ab8f593', 'f96f6cc3-695f-4941-af27-59b9f3a68759', '327e6faf-e4bd-40e3-b9a8-fa6a0d042fe0', now() - interval '16 days');
INSERT INTO favorites (id, user_id, product_id, created_at) VALUES ('8e818034-5e82-4307-9256-85bef0434e32', '910fa170-6a3e-49eb-9a20-d723005fd5e5', 'b7f6fd45-1e17-4624-8b2c-d588c4e291c2', now() - interval '5 days');
INSERT INTO favorites (id, user_id, product_id, created_at) VALUES ('6f437a6a-a508-438c-a1c0-dafb85328141', '7b8b5c0f-f7f9-41fb-bb7f-3c49237dc6a5', 'f0b20fe7-6d65-4def-a7b2-8e1e1d28e752', now() - interval '21 days');
INSERT INTO favorites (id, user_id, product_id, created_at) VALUES ('95ab0dd2-8a54-4ac4-bc96-b613fbb17681', '6ac5f17f-3892-4287-b049-5a9235d0a7e8', 'f9da772c-238e-43f0-a0ce-6ddab73e9bbe', now() - interval '14 days');
INSERT INTO favorites (id, user_id, product_id, created_at) VALUES ('0fd0590a-dbb7-47a7-9324-eaae70d55081', '3f3da1f0-5ad5-4a1f-bbb2-945ce44ed4a4', 'a1f722c2-7781-487c-b59a-ea38d839878d', now() - interval '18 days');
INSERT INTO favorites (id, user_id, product_id, created_at) VALUES ('f65eb69f-602d-46aa-ad99-1334de7da4e6', '17f7a776-89df-48a8-9c6c-af226f9cc95e', 'a81c4cc6-e21c-4d71-bca3-891c4f26e678', now() - interval '3 days');
-- ==================== CONVERSATIONS ====================
INSERT INTO conversations (id, product_id, buyer_id, seller_id, last_message_at, created_at) VALUES ('4f3be86c-1766-47b8-a128-0bbb1c37cb78', 'b7a9d059-7057-4ced-87ac-685c267f3e71', '3f3da1f0-5ad5-4a1f-bbb2-945ce44ed4a4', '72838548-158c-4369-b307-1e907b9f12f3', '2026-05-27T19:15:29.690067', '2026-05-27T19:15:29.690067');
INSERT INTO conversations (id, product_id, buyer_id, seller_id, last_message_at, created_at) VALUES ('5b1d121f-cd1d-4a81-8225-a683ce8eec79', 'fbed5856-0132-4539-a9ba-f8ed6831d83e', '92f7b1da-5c5c-48a9-9019-73377efd7b16', '8da60c79-a727-4846-8744-41c09307ac7d', '2026-05-27T19:15:29.690117', '2026-05-27T19:15:29.690117');
INSERT INTO conversations (id, product_id, buyer_id, seller_id, last_message_at, created_at) VALUES ('3a19901a-8334-4751-985c-73f793d599d9', 'a81c4cc6-e21c-4d71-bca3-891c4f26e678', '6c9054d7-f023-48b0-af78-953ebc4064b2', 'f96f6cc3-695f-4941-af27-59b9f3a68759', '2026-05-29T19:15:29.690134', '2026-05-29T19:15:29.690134');
INSERT INTO conversations (id, product_id, buyer_id, seller_id, last_message_at, created_at) VALUES ('5394f9ed-8813-47d3-830f-906fd0263f57', '0e456ac9-855b-42b1-8de4-a47284c7fd3d', 'f96f6cc3-695f-4941-af27-59b9f3a68759', '4b90b786-482f-44df-bea2-f9a4d55cea24', '2026-05-28T19:15:29.690148', '2026-05-28T19:15:29.690148');
INSERT INTO conversations (id, product_id, buyer_id, seller_id, last_message_at, created_at) VALUES ('4f8acf6a-d033-41c4-b686-a5adb3b5086c', '8681aab0-7820-495a-96d9-d78e3a3959a6', '4b90b786-482f-44df-bea2-f9a4d55cea24', '677dc151-c63d-40d7-ac9b-2a2e6156c70d', '2026-05-27T19:15:29.690161', '2026-05-27T19:15:29.690161');
INSERT INTO conversations (id, product_id, buyer_id, seller_id, last_message_at, created_at) VALUES ('530e9bbc-4c72-4c52-b21a-237596d8c9ff', '8bac43d5-a766-447a-9599-bc4a6b13a127', '12b051e1-a944-4075-9074-450d5c47e1b4', '8da60c79-a727-4846-8744-41c09307ac7d', '2026-05-28T19:15:29.690178', '2026-05-28T19:15:29.690178');
INSERT INTO conversations (id, product_id, buyer_id, seller_id, last_message_at, created_at) VALUES ('83d1a3db-0792-4c6e-823a-cda08669127d', 'eb7bafbe-0917-43a2-a047-b10a58659aa4', 'f96f6cc3-695f-4941-af27-59b9f3a68759', 'b24fc325-fcba-4fb9-9e85-0cfb3b393b80', '2026-05-27T19:15:29.690193', '2026-05-27T19:15:29.690193');
INSERT INTO conversations (id, product_id, buyer_id, seller_id, last_message_at, created_at) VALUES ('7bed8501-519d-4f37-932f-320efdb53c65', 'ffd1f4a1-3955-40e4-9a80-134efd1341c2', '59a36309-e51b-400a-99f1-cfd4ad860b76', '290d4f3c-db86-416f-9fc0-d80230cf7429', '2026-05-27T19:15:29.690206', '2026-05-27T19:15:29.690206');
INSERT INTO conversations (id, product_id, buyer_id, seller_id, last_message_at, created_at) VALUES ('30e7adf9-c01b-4a33-9d24-4726693b5bef', '77a58662-4bb1-4746-8281-22f71821563f', 'ced1757a-351b-47e9-bfe9-de7f8ce0f115', 'aca8eb44-6170-4a64-9cfe-d3fd60fb4269', '2026-05-28T19:15:29.690220', '2026-05-28T19:15:29.690220');
INSERT INTO conversations (id, product_id, buyer_id, seller_id, last_message_at, created_at) VALUES ('bd41d2aa-74ca-4473-96a3-1d2abda4f9c0', 'bb1673b8-6888-4acf-89fc-de598e256505', '92f7b1da-5c5c-48a9-9019-73377efd7b16', 'aca8eb44-6170-4a64-9cfe-d3fd60fb4269', '2026-05-26T19:15:29.690233', '2026-05-26T19:15:29.690233');
INSERT INTO conversations (id, product_id, buyer_id, seller_id, last_message_at, created_at) VALUES ('9bfcbe55-d124-4a37-82f5-439c0ea0ed3b', 'cb95964f-b4f9-4273-accf-44368b1ec33f', '24685976-9721-4eb9-ac16-9cfb18393ac9', '4dab0120-2d43-4213-8b51-cf83421a08b1', '2026-05-28T19:15:29.690249', '2026-05-28T19:15:29.690249');
INSERT INTO conversations (id, product_id, buyer_id, seller_id, last_message_at, created_at) VALUES ('117d5a3d-4139-459d-acfe-3d0b0f3d6e49', '8681aab0-7820-495a-96d9-d78e3a3959a6', 'f96f6cc3-695f-4941-af27-59b9f3a68759', '677dc151-c63d-40d7-ac9b-2a2e6156c70d', '2026-05-26T19:15:29.690262', '2026-05-26T19:15:29.690262');
INSERT INTO conversations (id, product_id, buyer_id, seller_id, last_message_at, created_at) VALUES ('bbd615a3-d006-4cc9-89d2-5f67759f3f2e', 'c913b0a6-cde2-4aa5-b2e0-9e292c07d165', '92f7b1da-5c5c-48a9-9019-73377efd7b16', '910fa170-6a3e-49eb-9a20-d723005fd5e5', '2026-05-27T19:15:29.690282', '2026-05-27T19:15:29.690282');
-- AKAN DIPAKAI UNTUK ORDER: conversation ini lanjut ke transaksi
INSERT INTO conversations (id, product_id, buyer_id, seller_id, last_message_at, created_at) VALUES ('b5f57ae5-971b-4331-a413-d469554d1f55', '46cf0f26-b893-47d2-93e3-f8bf73f90fcc', 'b886c335-f5d2-4262-9555-c5c69f06c261', '92f7b1da-5c5c-48a9-9019-73377efd7b16', '2026-05-22T19:15:29.690295', '2026-05-22T19:15:29.690295');
-- AKAN DIPAKAI UNTUK ORDER: conversation ini lanjut ke transaksi
INSERT INTO conversations (id, product_id, buyer_id, seller_id, last_message_at, created_at) VALUES ('1fc4a81d-4742-4025-9d0f-c2277ed7a4f9', 'd3655635-29c5-4fd4-b620-2f3872aaf166', 'f96f6cc3-695f-4941-af27-59b9f3a68759', '59a36309-e51b-400a-99f1-cfd4ad860b76', '2026-05-23T19:15:29.690308', '2026-05-23T19:15:29.690308');
-- AKAN DIPAKAI UNTUK ORDER: conversation ini lanjut ke transaksi
INSERT INTO conversations (id, product_id, buyer_id, seller_id, last_message_at, created_at) VALUES ('9e3c3449-1960-45c7-ba23-4a8cefd35c4f', '98aa955a-6ee0-4d12-931e-db27d6a82d22', '17f7a776-89df-48a8-9c6c-af226f9cc95e', '2c5b997f-fadd-4722-b8e8-ce16a5b1ed30', '2026-05-23T19:15:29.690341', '2026-05-23T19:15:29.690341');
-- AKAN DIPAKAI UNTUK ORDER: conversation ini lanjut ke transaksi
INSERT INTO conversations (id, product_id, buyer_id, seller_id, last_message_at, created_at) VALUES ('51a66e06-8b19-434a-a7a8-0178c041e6d1', '75051618-6026-4e7b-9385-477cf63eb2af', '5a17eba6-dc7a-4dfe-a6e5-3e474d73a201', 'f96f6cc3-695f-4941-af27-59b9f3a68759', '2026-05-24T19:15:29.690355', '2026-05-24T19:15:29.690355');
INSERT INTO conversations (id, product_id, buyer_id, seller_id, last_message_at, created_at) VALUES ('23b361cb-f586-4673-924e-dea4fdcd6c4a', '55e1c251-7cf2-40db-9be3-2918ab5845f7', 'aca8eb44-6170-4a64-9cfe-d3fd60fb4269', 'b886c335-f5d2-4262-9555-c5c69f06c261', '2026-05-10T19:15:29.690387', '2026-05-10T19:15:29.690387');
INSERT INTO conversations (id, product_id, buyer_id, seller_id, last_message_at, created_at) VALUES ('cd66aea8-37dc-4183-aa52-bbc78d5fefc9', 'c2b91b80-4181-4cac-9757-869bbc48bc83', '910fa170-6a3e-49eb-9a20-d723005fd5e5', '17f7a776-89df-48a8-9c6c-af226f9cc95e', '2026-05-21T19:15:29.690399', '2026-05-21T19:15:29.690399');
INSERT INTO conversations (id, product_id, buyer_id, seller_id, last_message_at, created_at) VALUES ('75e1e651-630d-443e-935d-12166693b512', 'a75789ec-cd53-4bd0-9876-25965f4802f3', '6c9054d7-f023-48b0-af78-953ebc4064b2', '24685976-9721-4eb9-ac16-9cfb18393ac9', '2026-05-01T19:15:29.690438', '2026-05-01T19:15:29.690438');
INSERT INTO conversations (id, product_id, buyer_id, seller_id, last_message_at, created_at) VALUES ('f3878778-06fd-4cc0-a6f1-b134067e9574', '327e6faf-e4bd-40e3-b9a8-fa6a0d042fe0', '47065d79-30f4-4e45-b389-67464723e555', '4b90b786-482f-44df-bea2-f9a4d55cea24', '2026-05-09T19:15:29.690459', '2026-05-09T19:15:29.690459');
INSERT INTO conversations (id, product_id, buyer_id, seller_id, last_message_at, created_at) VALUES ('85f3c2a3-f304-42cd-99ab-a725f7f4cd20', 'ffd2a219-0ca8-4676-97ae-8025bc7c905f', '50c249a0-c5be-442e-b56c-a604ae056500', '92f7b1da-5c5c-48a9-9019-73377efd7b16', '2026-05-20T19:15:29.690473', '2026-05-20T19:15:29.690473');
INSERT INTO conversations (id, product_id, buyer_id, seller_id, last_message_at, created_at) VALUES ('a02f7577-c583-4507-98b4-5c66177e2ba7', '83b73ac2-ffcb-4c96-bd0c-71eb6123e0e1', '4b90b786-482f-44df-bea2-f9a4d55cea24', '24685976-9721-4eb9-ac16-9cfb18393ac9', '2026-05-28T19:15:29.690505', '2026-05-28T19:15:29.690505');
INSERT INTO conversations (id, product_id, buyer_id, seller_id, last_message_at, created_at) VALUES ('b5ab00fa-37aa-4aa4-963b-1b196028cb5a', '83b73ac2-ffcb-4c96-bd0c-71eb6123e0e1', 'ced1757a-351b-47e9-bfe9-de7f8ce0f115', '24685976-9721-4eb9-ac16-9cfb18393ac9', '2026-05-27T19:15:29.690536', '2026-05-27T19:15:29.690536');
INSERT INTO conversations (id, product_id, buyer_id, seller_id, last_message_at, created_at) VALUES ('f28960a3-334f-47cc-9121-b6472c8b0bf6', 'e498484b-2823-48d5-8959-e27e33a0b562', '17f7a776-89df-48a8-9c6c-af226f9cc95e', 'b24fc325-fcba-4fb9-9e85-0cfb3b393b80', '2026-05-28T19:15:29.690548', '2026-05-28T19:15:29.690548');
-- ==================== MESSAGES ====================
INSERT INTO messages (id, conversation_id, sender_id, content, message_type, is_read, created_at) VALUES ('a79453f1-7be4-4d9b-bfa4-025110f069df', '4f3be86c-1766-47b8-a128-0bbb1c37cb78', '3f3da1f0-5ad5-4a1f-bbb2-945ce44ed4a4', 'Masih available kak?', 'text', true, '2026-05-27T15:14:29.690067');
INSERT INTO messages (id, conversation_id, sender_id, content, message_type, is_read, created_at) VALUES ('5c12273c-64a4-4477-ace4-377f61c46345', '4f3be86c-1766-47b8-a128-0bbb1c37cb78', '72838548-158c-4369-b307-1e907b9f12f3', 'Masih ada, kondisi mulus ya tinggal diambil aja', 'text', true, '2026-05-27T16:04:29.690067');
INSERT INTO messages (id, conversation_id, sender_id, content, message_type, is_read, created_at) VALUES ('cc6d4ac8-ebdc-4d40-99ed-a9c82452150b', '4f3be86c-1766-47b8-a128-0bbb1c37cb78', '3f3da1f0-5ad5-4a1f-bbb2-945ce44ed4a4', 'Bisa COD di Labtek mana aja?', 'text', true, '2026-05-27T16:16:29.690067');
INSERT INTO messages (id, conversation_id, sender_id, content, message_type, is_read, created_at) VALUES ('7f3ae1ed-8576-4162-bb75-61b767e15604', '4f3be86c-1766-47b8-a128-0bbb1c37cb78', '72838548-158c-4369-b307-1e907b9f12f3', 'Di depan perpus pusat aja kak', 'text', false, '2026-05-27T16:38:29.690067');
INSERT INTO messages (id, conversation_id, sender_id, content, message_type, is_read, created_at) VALUES ('8d3f0e60-dda0-4d8c-a295-7af3354916c1', '4f3be86c-1766-47b8-a128-0bbb1c37cb78', '3f3da1f0-5ad5-4a1f-bbb2-945ce44ed4a4', 'Lg dmn kak?', 'text', false, '2026-05-27T17:08:29.690067');
INSERT INTO messages (id, conversation_id, sender_id, content, message_type, is_read, created_at) VALUES ('cd3fb697-8920-4143-a6db-8ce1908a1ca5', '5b1d121f-cd1d-4a81-8225-a683ce8eec79', '92f7b1da-5c5c-48a9-9019-73377efd7b16', 'Masih available kak?', 'text', true, '2026-05-27T15:24:29.690117');
INSERT INTO messages (id, conversation_id, sender_id, content, message_type, is_read, created_at) VALUES ('9b9ebd9e-f5ba-4fb5-b0e2-2c5052a4c569', '5b1d121f-cd1d-4a81-8225-a683ce8eec79', '8da60c79-a727-4846-8744-41c09307ac7d', 'Masih ada, kondisi mulus ya tinggal diambil aja', 'text', true, '2026-05-27T15:35:29.690117');
INSERT INTO messages (id, conversation_id, sender_id, content, message_type, is_read, created_at) VALUES ('2c74fd00-56fb-4837-ae63-935f86dfc44b', '5b1d121f-cd1d-4a81-8225-a683ce8eec79', '92f7b1da-5c5c-48a9-9019-73377efd7b16', 'Bisa COD di Labtek mana aja?', 'text', false, '2026-05-27T16:34:29.690117');
INSERT INTO messages (id, conversation_id, sender_id, content, message_type, is_read, created_at) VALUES ('29236131-d8c7-42f9-a475-92621b8aae5f', '5b1d121f-cd1d-4a81-8225-a683ce8eec79', '8da60c79-a727-4846-8744-41c09307ac7d', 'Di depan perpus pusat aja kak', 'text', false, '2026-05-27T16:46:29.690117');
INSERT INTO messages (id, conversation_id, sender_id, content, message_type, is_read, created_at) VALUES ('eaf8de01-1aac-42a3-aa78-cde8fa5ce9a5', '3a19901a-8334-4751-985c-73f793d599d9', '6c9054d7-f023-48b0-af78-953ebc4064b2', 'Masih available kak?', 'text', true, '2026-05-29T14:25:29.690134');
INSERT INTO messages (id, conversation_id, sender_id, content, message_type, is_read, created_at) VALUES ('bfe6dc26-d204-4d56-92ff-446b70a056ee', '3a19901a-8334-4751-985c-73f793d599d9', 'f96f6cc3-695f-4941-af27-59b9f3a68759', 'Masih ada, kondisi mulus ya tinggal diambil aja', 'text', true, '2026-05-29T15:09:29.690134');
INSERT INTO messages (id, conversation_id, sender_id, content, message_type, is_read, created_at) VALUES ('b9cd7776-6d9c-44e3-add1-b8aca2120a57', '3a19901a-8334-4751-985c-73f793d599d9', '6c9054d7-f023-48b0-af78-953ebc4064b2', 'Bisa COD di Labtek mana aja?', 'text', true, '2026-05-29T15:28:29.690134');
INSERT INTO messages (id, conversation_id, sender_id, content, message_type, is_read, created_at) VALUES ('521dafe6-3389-4155-b6e7-8c62700412af', '3a19901a-8334-4751-985c-73f793d599d9', 'f96f6cc3-695f-4941-af27-59b9f3a68759', 'Di depan perpus pusat aja kak', 'text', false, '2026-05-29T16:12:29.690134');
INSERT INTO messages (id, conversation_id, sender_id, content, message_type, is_read, created_at) VALUES ('bc5299b3-8971-4937-96b9-5189b5291c25', '3a19901a-8334-4751-985c-73f793d599d9', '6c9054d7-f023-48b0-af78-953ebc4064b2', 'Otw kak', 'text', false, '2026-05-29T16:25:29.690134');
INSERT INTO messages (id, conversation_id, sender_id, content, message_type, is_read, created_at) VALUES ('9f9fd20d-00b4-4a74-bdf2-4d295f360907', '5394f9ed-8813-47d3-830f-906fd0263f57', 'f96f6cc3-695f-4941-af27-59b9f3a68759', 'Masih available kak?', 'text', true, '2026-05-28T09:52:29.690148');
INSERT INTO messages (id, conversation_id, sender_id, content, message_type, is_read, created_at) VALUES ('d22188ca-5cb8-4db5-81a2-870c9951e0be', '5394f9ed-8813-47d3-830f-906fd0263f57', '4b90b786-482f-44df-bea2-f9a4d55cea24', 'Masih ada, kondisi mulus ya tinggal diambil aja', 'text', true, '2026-05-28T10:51:29.690148');
INSERT INTO messages (id, conversation_id, sender_id, content, message_type, is_read, created_at) VALUES ('2be0357d-66ea-42fc-92dc-e43d42a35069', '5394f9ed-8813-47d3-830f-906fd0263f57', 'f96f6cc3-695f-4941-af27-59b9f3a68759', 'Bisa COD di Labtek mana aja?', 'text', true, '2026-05-28T11:11:29.690148');
INSERT INTO messages (id, conversation_id, sender_id, content, message_type, is_read, created_at) VALUES ('1d2c9116-f829-4fe6-b971-437b497b08e0', '5394f9ed-8813-47d3-830f-906fd0263f57', '4b90b786-482f-44df-bea2-f9a4d55cea24', 'Di depan perpus pusat aja kak', 'text', true, '2026-05-28T11:38:29.690148');
INSERT INTO messages (id, conversation_id, sender_id, content, message_type, is_read, created_at) VALUES ('acb3009e-39e6-40ab-9835-6a463e761b1a', '5394f9ed-8813-47d3-830f-906fd0263f57', 'f96f6cc3-695f-4941-af27-59b9f3a68759', 'Lg dmn kak?', 'text', true, '2026-05-28T11:56:29.690148');
INSERT INTO messages (id, conversation_id, sender_id, content, message_type, is_read, created_at) VALUES ('13031ee4-a3a7-4121-9a7a-d61123e44786', '5394f9ed-8813-47d3-830f-906fd0263f57', '4b90b786-482f-44df-bea2-f9a4d55cea24', 'Ok', 'text', true, '2026-05-28T12:26:29.690148');
INSERT INTO messages (id, conversation_id, sender_id, content, message_type, is_read, created_at) VALUES ('f430aebb-0700-4d87-8b14-0772e844e072', '5394f9ed-8813-47d3-830f-906fd0263f57', 'f96f6cc3-695f-4941-af27-59b9f3a68759', 'Lg dmn kak?', 'text', true, '2026-05-28T13:02:29.690148');
INSERT INTO messages (id, conversation_id, sender_id, content, message_type, is_read, created_at) VALUES ('fe9cb165-9d7f-412a-b9b5-bb865f9311ed', '5394f9ed-8813-47d3-830f-906fd0263f57', '4b90b786-482f-44df-bea2-f9a4d55cea24', 'Sama-sama kak', 'text', true, '2026-05-28T13:54:29.690148');
INSERT INTO messages (id, conversation_id, sender_id, content, message_type, is_read, created_at) VALUES ('9231b33b-4fe9-4202-bb4c-c99bcd440345', '5394f9ed-8813-47d3-830f-906fd0263f57', 'f96f6cc3-695f-4941-af27-59b9f3a68759', 'Sip makasi', 'text', false, '2026-05-28T14:50:29.690148');
INSERT INTO messages (id, conversation_id, sender_id, content, message_type, is_read, created_at) VALUES ('8f9d3cad-06d6-4d7b-940f-6bc8cecbb34a', '5394f9ed-8813-47d3-830f-906fd0263f57', '4b90b786-482f-44df-bea2-f9a4d55cea24', 'Siaap', 'text', false, '2026-05-28T15:40:29.690148');
INSERT INTO messages (id, conversation_id, sender_id, content, message_type, is_read, created_at) VALUES ('6c6b13f8-09ce-4bae-a640-3785c3be5c8d', '4f8acf6a-d033-41c4-b686-a5adb3b5086c', '4b90b786-482f-44df-bea2-f9a4d55cea24', 'Masih available kak?', 'text', true, '2026-05-27T07:39:29.690161');
INSERT INTO messages (id, conversation_id, sender_id, content, message_type, is_read, created_at) VALUES ('2f6ad133-1083-4ede-af40-b77582b877da', '4f8acf6a-d033-41c4-b686-a5adb3b5086c', '677dc151-c63d-40d7-ac9b-2a2e6156c70d', 'Masih ada, kondisi mulus ya tinggal diambil aja', 'text', true, '2026-05-27T07:50:29.690161');
INSERT INTO messages (id, conversation_id, sender_id, content, message_type, is_read, created_at) VALUES ('d8f28494-c9c3-4c51-a95f-f26baadc8ee8', '4f8acf6a-d033-41c4-b686-a5adb3b5086c', '4b90b786-482f-44df-bea2-f9a4d55cea24', 'Bisa COD di Labtek mana aja?', 'text', true, '2026-05-27T08:37:29.690161');
INSERT INTO messages (id, conversation_id, sender_id, content, message_type, is_read, created_at) VALUES ('12438f1a-ba8b-4ee8-ae09-d69e9ef20d26', '4f8acf6a-d033-41c4-b686-a5adb3b5086c', '677dc151-c63d-40d7-ac9b-2a2e6156c70d', 'Di depan perpus pusat aja kak', 'text', true, '2026-05-27T09:17:29.690161');
INSERT INTO messages (id, conversation_id, sender_id, content, message_type, is_read, created_at) VALUES ('eb3747e1-fe82-4c03-b050-8827d1c273e2', '4f8acf6a-d033-41c4-b686-a5adb3b5086c', '4b90b786-482f-44df-bea2-f9a4d55cea24', 'Otw kak', 'text', true, '2026-05-27T10:01:29.690161');
INSERT INTO messages (id, conversation_id, sender_id, content, message_type, is_read, created_at) VALUES ('86acb086-5114-4f7d-af79-537afeebbaea', '4f8acf6a-d033-41c4-b686-a5adb3b5086c', '677dc151-c63d-40d7-ac9b-2a2e6156c70d', 'Ok', 'text', true, '2026-05-27T10:54:29.690161');
INSERT INTO messages (id, conversation_id, sender_id, content, message_type, is_read, created_at) VALUES ('2bb0d0cb-6132-4d06-bf3d-819c170fd394', '4f8acf6a-d033-41c4-b686-a5adb3b5086c', '4b90b786-482f-44df-bea2-f9a4d55cea24', 'Lg dmn kak?', 'text', true, '2026-05-27T11:22:29.690161');
INSERT INTO messages (id, conversation_id, sender_id, content, message_type, is_read, created_at) VALUES ('d74982e1-eaf6-4a79-9a02-480e816a34e2', '4f8acf6a-d033-41c4-b686-a5adb3b5086c', '677dc151-c63d-40d7-ac9b-2a2e6156c70d', 'Ok', 'text', true, '2026-05-27T11:28:29.690161');
INSERT INTO messages (id, conversation_id, sender_id, content, message_type, is_read, created_at) VALUES ('1ce7d0de-9821-4d27-a761-5aaf9202182c', '4f8acf6a-d033-41c4-b686-a5adb3b5086c', '4b90b786-482f-44df-bea2-f9a4d55cea24', 'Oke kak', 'text', true, '2026-05-27T12:08:29.690161');
INSERT INTO messages (id, conversation_id, sender_id, content, message_type, is_read, created_at) VALUES ('77d0be6b-e4ba-4f93-b4d7-0a8ee79f05ca', '4f8acf6a-d033-41c4-b686-a5adb3b5086c', '677dc151-c63d-40d7-ac9b-2a2e6156c70d', 'Ok', 'text', true, '2026-05-27T12:29:29.690161');
INSERT INTO messages (id, conversation_id, sender_id, content, message_type, is_read, created_at) VALUES ('e26d3d1d-e60c-45e7-96fa-ded40dc06069', '4f8acf6a-d033-41c4-b686-a5adb3b5086c', '4b90b786-482f-44df-bea2-f9a4d55cea24', 'Sip makasi', 'text', false, '2026-05-27T12:50:29.690161');
INSERT INTO messages (id, conversation_id, sender_id, content, message_type, is_read, created_at) VALUES ('c2bf8da8-ef08-448b-889c-b8e4ae69612f', '4f8acf6a-d033-41c4-b686-a5adb3b5086c', '677dc151-c63d-40d7-ac9b-2a2e6156c70d', 'Ok', 'text', false, '2026-05-27T13:12:29.690161');
INSERT INTO messages (id, conversation_id, sender_id, content, message_type, is_read, created_at) VALUES ('a536eba3-e6e4-4681-9a9a-ffc27a07c490', '530e9bbc-4c72-4c52-b21a-237596d8c9ff', '12b051e1-a944-4075-9074-450d5c47e1b4', 'Masih available kak?', 'text', true, '2026-05-28T13:12:29.690178');
INSERT INTO messages (id, conversation_id, sender_id, content, message_type, is_read, created_at) VALUES ('fc399959-dcfc-45b6-a5b7-873393473059', '530e9bbc-4c72-4c52-b21a-237596d8c9ff', '8da60c79-a727-4846-8744-41c09307ac7d', 'Masih ada, kondisi mulus ya tinggal diambil aja', 'text', true, '2026-05-28T13:24:29.690178');
INSERT INTO messages (id, conversation_id, sender_id, content, message_type, is_read, created_at) VALUES ('d6274439-c27e-4dd6-b6b7-8d9e5135d137', '530e9bbc-4c72-4c52-b21a-237596d8c9ff', '12b051e1-a944-4075-9074-450d5c47e1b4', 'Bisa COD di Labtek mana aja?', 'text', true, '2026-05-28T13:51:29.690178');
INSERT INTO messages (id, conversation_id, sender_id, content, message_type, is_read, created_at) VALUES ('b5e6d498-3752-48cf-bbff-7ec6f7fffd75', '530e9bbc-4c72-4c52-b21a-237596d8c9ff', '8da60c79-a727-4846-8744-41c09307ac7d', 'Di depan perpus pusat aja kak', 'text', true, '2026-05-28T14:29:29.690178');
INSERT INTO messages (id, conversation_id, sender_id, content, message_type, is_read, created_at) VALUES ('993ab338-328f-47b7-af5c-9a3056b18a06', '530e9bbc-4c72-4c52-b21a-237596d8c9ff', '12b051e1-a944-4075-9074-450d5c47e1b4', 'Oke kak', 'text', true, '2026-05-28T15:26:29.690178');
INSERT INTO messages (id, conversation_id, sender_id, content, message_type, is_read, created_at) VALUES ('1b2fdd15-4a01-46c0-8855-5ef78041ecdf', '530e9bbc-4c72-4c52-b21a-237596d8c9ff', '8da60c79-a727-4846-8744-41c09307ac7d', 'Sama-sama kak', 'text', false, '2026-05-28T16:11:29.690178');
INSERT INTO messages (id, conversation_id, sender_id, content, message_type, is_read, created_at) VALUES ('188c62b3-4d91-4c12-a0d7-3b22f3aff9e0', '530e9bbc-4c72-4c52-b21a-237596d8c9ff', '12b051e1-a944-4075-9074-450d5c47e1b4', 'Sip makasi', 'text', false, '2026-05-28T16:43:29.690178');
INSERT INTO messages (id, conversation_id, sender_id, content, message_type, is_read, created_at) VALUES ('31fd3abc-d869-4e13-b40f-884a424bc751', '83d1a3db-0792-4c6e-823a-cda08669127d', 'f96f6cc3-695f-4941-af27-59b9f3a68759', 'Masih available kak?', 'text', true, '2026-05-27T14:03:29.690193');
INSERT INTO messages (id, conversation_id, sender_id, content, message_type, is_read, created_at) VALUES ('591994f8-420d-4986-be82-41ceb7566ad0', '83d1a3db-0792-4c6e-823a-cda08669127d', 'b24fc325-fcba-4fb9-9e85-0cfb3b393b80', 'Masih ada, kondisi mulus ya tinggal diambil aja', 'text', true, '2026-05-27T14:45:29.690193');
INSERT INTO messages (id, conversation_id, sender_id, content, message_type, is_read, created_at) VALUES ('07d4ed30-a075-4a97-9923-7daf33b9b16d', '83d1a3db-0792-4c6e-823a-cda08669127d', 'f96f6cc3-695f-4941-af27-59b9f3a68759', 'Bisa COD di Labtek mana aja?', 'text', true, '2026-05-27T15:27:29.690193');
INSERT INTO messages (id, conversation_id, sender_id, content, message_type, is_read, created_at) VALUES ('7ca20147-5175-4a03-8025-b631060b48f4', '83d1a3db-0792-4c6e-823a-cda08669127d', 'b24fc325-fcba-4fb9-9e85-0cfb3b393b80', 'Di depan perpus pusat aja kak', 'text', true, '2026-05-27T16:15:29.690193');
INSERT INTO messages (id, conversation_id, sender_id, content, message_type, is_read, created_at) VALUES ('cd2e6640-ce18-43af-9788-ace61633ea26', '83d1a3db-0792-4c6e-823a-cda08669127d', 'f96f6cc3-695f-4941-af27-59b9f3a68759', 'Otw kak', 'text', false, '2026-05-27T17:10:29.690193');
INSERT INTO messages (id, conversation_id, sender_id, content, message_type, is_read, created_at) VALUES ('4578d4c3-7add-4dab-9b81-4388f2f2a63f', '83d1a3db-0792-4c6e-823a-cda08669127d', 'b24fc325-fcba-4fb9-9e85-0cfb3b393b80', 'Siaap', 'text', false, '2026-05-27T17:40:29.690193');
INSERT INTO messages (id, conversation_id, sender_id, content, message_type, is_read, created_at) VALUES ('da52091a-8dfd-412c-92fb-56639f9ad718', '7bed8501-519d-4f37-932f-320efdb53c65', '59a36309-e51b-400a-99f1-cfd4ad860b76', 'Masih available kak?', 'text', true, '2026-05-27T09:25:29.690206');
INSERT INTO messages (id, conversation_id, sender_id, content, message_type, is_read, created_at) VALUES ('5acb8b34-318d-4092-8865-fd6a0013a398', '7bed8501-519d-4f37-932f-320efdb53c65', '290d4f3c-db86-416f-9fc0-d80230cf7429', 'Masih ada, kondisi mulus ya tinggal diambil aja', 'text', true, '2026-05-27T09:55:29.690206');
INSERT INTO messages (id, conversation_id, sender_id, content, message_type, is_read, created_at) VALUES ('7b07209d-0b99-44dd-9c11-eda39e60bdf9', '7bed8501-519d-4f37-932f-320efdb53c65', '59a36309-e51b-400a-99f1-cfd4ad860b76', 'Bisa COD di Labtek mana aja?', 'text', true, '2026-05-27T10:05:29.690206');
INSERT INTO messages (id, conversation_id, sender_id, content, message_type, is_read, created_at) VALUES ('0040b1d3-8734-44bd-8e70-06455a6eec28', '7bed8501-519d-4f37-932f-320efdb53c65', '290d4f3c-db86-416f-9fc0-d80230cf7429', 'Di depan perpus pusat aja kak', 'text', true, '2026-05-27T10:25:29.690206');
INSERT INTO messages (id, conversation_id, sender_id, content, message_type, is_read, created_at) VALUES ('a727e1d6-3afc-4259-9bcd-cb4eada71bc7', '7bed8501-519d-4f37-932f-320efdb53c65', '59a36309-e51b-400a-99f1-cfd4ad860b76', 'Oke kak', 'text', true, '2026-05-27T11:01:29.690206');
INSERT INTO messages (id, conversation_id, sender_id, content, message_type, is_read, created_at) VALUES ('4b8c423e-29d0-4bcd-8346-6c59ce9ac311', '7bed8501-519d-4f37-932f-320efdb53c65', '290d4f3c-db86-416f-9fc0-d80230cf7429', 'Sama-sama kak', 'text', true, '2026-05-27T11:45:29.690206');
INSERT INTO messages (id, conversation_id, sender_id, content, message_type, is_read, created_at) VALUES ('69affbd3-2595-4772-aaa1-f043d71ee2fd', '7bed8501-519d-4f37-932f-320efdb53c65', '59a36309-e51b-400a-99f1-cfd4ad860b76', 'Sip makasi', 'text', true, '2026-05-27T11:58:29.690206');
INSERT INTO messages (id, conversation_id, sender_id, content, message_type, is_read, created_at) VALUES ('d0ebc284-4b17-494f-b822-6a82e71b7d44', '7bed8501-519d-4f37-932f-320efdb53c65', '290d4f3c-db86-416f-9fc0-d80230cf7429', 'Sama-sama kak', 'text', true, '2026-05-27T12:22:29.690206');
INSERT INTO messages (id, conversation_id, sender_id, content, message_type, is_read, created_at) VALUES ('299fb6f0-b254-46c4-a7f7-bdf9d6a642c0', '7bed8501-519d-4f37-932f-320efdb53c65', '59a36309-e51b-400a-99f1-cfd4ad860b76', 'Sip makasi', 'text', false, '2026-05-27T12:33:29.690206');
INSERT INTO messages (id, conversation_id, sender_id, content, message_type, is_read, created_at) VALUES ('360862d1-b80a-4cf2-ad33-e61639377aca', '7bed8501-519d-4f37-932f-320efdb53c65', '290d4f3c-db86-416f-9fc0-d80230cf7429', 'Udh di lokasi ya', 'text', false, '2026-05-27T13:16:29.690206');
INSERT INTO messages (id, conversation_id, sender_id, content, message_type, is_read, created_at) VALUES ('9722c7aa-da8c-487a-b531-29e688bb8a59', '30e7adf9-c01b-4a33-9d24-4726693b5bef', 'ced1757a-351b-47e9-bfe9-de7f8ce0f115', 'Halo kak, masih ada?', 'text', true, '2026-05-28T07:30:29.690220');
INSERT INTO messages (id, conversation_id, sender_id, content, message_type, is_read, created_at) VALUES ('f748e763-7fe9-4ccc-857b-3e10d7eb3783', '30e7adf9-c01b-4a33-9d24-4726693b5bef', 'aca8eb44-6170-4a64-9cfe-d3fd60fb4269', 'Masih kak, silakan', 'text', true, '2026-05-28T07:36:29.690220');
INSERT INTO messages (id, conversation_id, sender_id, content, message_type, offer_price, offer_status, is_read, created_at) VALUES ('f4cb1231-785b-4297-ad28-14acceeb523b', '30e7adf9-c01b-4a33-9d24-4726693b5bef', 'ced1757a-351b-47e9-bfe9-de7f8ce0f115', 'Boleh tawar ga kak? Nego tipis nih', 'offer', 91835, 'pending', true, '2026-05-28T07:51:29.690220');
INSERT INTO messages (id, conversation_id, sender_id, content, message_type, is_read, created_at) VALUES ('55130610-76e5-45b6-8b49-41e8234f27e9', '30e7adf9-c01b-4a33-9d24-4726693b5bef', 'aca8eb44-6170-4a64-9cfe-d3fd60fb4269', 'Waduh belum dapet kak kalo segitu', 'text', true, '2026-05-28T08:26:29.690220');
INSERT INTO messages (id, conversation_id, sender_id, content, message_type, is_read, created_at) VALUES ('c9c23a50-adcf-4614-b1fc-3b8e610cfc3d', '30e7adf9-c01b-4a33-9d24-4726693b5bef', 'ced1757a-351b-47e9-bfe9-de7f8ce0f115', 'Yaah, naikin dikit deh', 'text', true, '2026-05-28T08:55:29.690220');
INSERT INTO messages (id, conversation_id, sender_id, content, message_type, is_read, created_at) VALUES ('6fc27810-d0e8-483a-a1bc-f8d52d584d53', '30e7adf9-c01b-4a33-9d24-4726693b5bef', 'aca8eb44-6170-4a64-9cfe-d3fd60fb4269', 'Siaap', 'text', true, '2026-05-28T09:44:29.690220');
INSERT INTO messages (id, conversation_id, sender_id, content, message_type, is_read, created_at) VALUES ('b229adf5-35b2-4e7e-b642-e2937d1812b9', '30e7adf9-c01b-4a33-9d24-4726693b5bef', 'ced1757a-351b-47e9-bfe9-de7f8ce0f115', 'Lg dmn kak?', 'text', true, '2026-05-28T09:54:29.690220');
INSERT INTO messages (id, conversation_id, sender_id, content, message_type, is_read, created_at) VALUES ('68ae37bb-e2d7-4932-900c-45d4dc43b522', '30e7adf9-c01b-4a33-9d24-4726693b5bef', 'aca8eb44-6170-4a64-9cfe-d3fd60fb4269', 'Siaap', 'text', true, '2026-05-28T10:53:29.690220');
INSERT INTO messages (id, conversation_id, sender_id, content, message_type, is_read, created_at) VALUES ('87ec44be-408e-4fab-b88b-f8d27b1143b8', '30e7adf9-c01b-4a33-9d24-4726693b5bef', 'ced1757a-351b-47e9-bfe9-de7f8ce0f115', 'Otw kak', 'text', true, '2026-05-28T11:32:29.690220');
INSERT INTO messages (id, conversation_id, sender_id, content, message_type, is_read, created_at) VALUES ('9e8bd5e0-b37d-4801-9427-ed15c6b66c9e', '30e7adf9-c01b-4a33-9d24-4726693b5bef', 'aca8eb44-6170-4a64-9cfe-d3fd60fb4269', 'Siaap', 'text', true, '2026-05-28T11:38:29.690220');
INSERT INTO messages (id, conversation_id, sender_id, content, message_type, is_read, created_at) VALUES ('69746489-2593-4f03-bc6f-405d5bf8990c', '30e7adf9-c01b-4a33-9d24-4726693b5bef', 'ced1757a-351b-47e9-bfe9-de7f8ce0f115', 'Oke kak', 'text', false, '2026-05-28T12:00:29.690220');
INSERT INTO messages (id, conversation_id, sender_id, content, message_type, is_read, created_at) VALUES ('289d8b6c-b228-4453-aac4-a718c8747083', '30e7adf9-c01b-4a33-9d24-4726693b5bef', 'aca8eb44-6170-4a64-9cfe-d3fd60fb4269', 'Siaap', 'text', false, '2026-05-28T12:24:29.690220');
INSERT INTO messages (id, conversation_id, sender_id, content, message_type, is_read, created_at) VALUES ('3e895105-8295-41f1-97c1-b37e8767854e', 'bd41d2aa-74ca-4473-96a3-1d2abda4f9c0', '92f7b1da-5c5c-48a9-9019-73377efd7b16', 'Halo kak, masih ada?', 'text', true, '2026-05-26T07:58:29.690233');
INSERT INTO messages (id, conversation_id, sender_id, content, message_type, is_read, created_at) VALUES ('96c915da-40b6-45d9-8b9f-1eface96d802', 'bd41d2aa-74ca-4473-96a3-1d2abda4f9c0', 'aca8eb44-6170-4a64-9cfe-d3fd60fb4269', 'Masih kak, silakan', 'text', true, '2026-05-26T08:13:29.690233');
INSERT INTO messages (id, conversation_id, sender_id, content, message_type, offer_price, offer_status, is_read, created_at) VALUES ('b6119b7f-99c2-4f96-bd0b-3bdb40b28417', 'bd41d2aa-74ca-4473-96a3-1d2abda4f9c0', '92f7b1da-5c5c-48a9-9019-73377efd7b16', 'Boleh tawar ga kak? Nego tipis nih', 'offer', 115458, 'pending', true, '2026-05-26T08:48:29.690233');
INSERT INTO messages (id, conversation_id, sender_id, content, message_type, is_read, created_at) VALUES ('48bcf5d7-a1e6-4340-a474-a5ae004ee3ee', 'bd41d2aa-74ca-4473-96a3-1d2abda4f9c0', 'aca8eb44-6170-4a64-9cfe-d3fd60fb4269', 'Waduh belum dapet kak kalo segitu', 'text', true, '2026-05-26T09:35:29.690233');
INSERT INTO messages (id, conversation_id, sender_id, content, message_type, is_read, created_at) VALUES ('ba39920b-d0de-42b0-aec2-6870488a0ac7', 'bd41d2aa-74ca-4473-96a3-1d2abda4f9c0', '92f7b1da-5c5c-48a9-9019-73377efd7b16', 'Yaah, naikin dikit deh', 'text', true, '2026-05-26T10:34:29.690233');
INSERT INTO messages (id, conversation_id, sender_id, content, message_type, is_read, created_at) VALUES ('5d2464bd-7b3a-4cff-ad11-80e4b099ddbb', 'bd41d2aa-74ca-4473-96a3-1d2abda4f9c0', 'aca8eb44-6170-4a64-9cfe-d3fd60fb4269', 'Siaap', 'text', true, '2026-05-26T11:33:29.690233');
INSERT INTO messages (id, conversation_id, sender_id, content, message_type, is_read, created_at) VALUES ('5d94efd0-07d9-4e11-8ca9-2c9b67bffc0e', 'bd41d2aa-74ca-4473-96a3-1d2abda4f9c0', '92f7b1da-5c5c-48a9-9019-73377efd7b16', 'Lg dmn kak?', 'text', true, '2026-05-26T12:06:29.690233');
INSERT INTO messages (id, conversation_id, sender_id, content, message_type, is_read, created_at) VALUES ('6909e69a-8560-4345-b905-4993f8335ba4', 'bd41d2aa-74ca-4473-96a3-1d2abda4f9c0', 'aca8eb44-6170-4a64-9cfe-d3fd60fb4269', 'Udh di lokasi ya', 'text', true, '2026-05-26T12:35:29.690233');
INSERT INTO messages (id, conversation_id, sender_id, content, message_type, is_read, created_at) VALUES ('d3ab735d-aa88-4fc3-9a9f-6efd617a6a28', 'bd41d2aa-74ca-4473-96a3-1d2abda4f9c0', '92f7b1da-5c5c-48a9-9019-73377efd7b16', 'Oke kak', 'text', true, '2026-05-26T12:52:29.690233');
INSERT INTO messages (id, conversation_id, sender_id, content, message_type, is_read, created_at) VALUES ('d8ddf4bd-ed1d-402b-a403-e638bbffaf3b', 'bd41d2aa-74ca-4473-96a3-1d2abda4f9c0', 'aca8eb44-6170-4a64-9cfe-d3fd60fb4269', 'Ok', 'text', true, '2026-05-26T13:00:29.690233');
INSERT INTO messages (id, conversation_id, sender_id, content, message_type, is_read, created_at) VALUES ('02485b98-a99c-4997-b78a-a0f97c7f8254', 'bd41d2aa-74ca-4473-96a3-1d2abda4f9c0', '92f7b1da-5c5c-48a9-9019-73377efd7b16', 'Lg dmn kak?', 'text', false, '2026-05-26T13:06:29.690233');
INSERT INTO messages (id, conversation_id, sender_id, content, message_type, is_read, created_at) VALUES ('5d583e27-e58a-42d2-928c-66ba565892dc', 'bd41d2aa-74ca-4473-96a3-1d2abda4f9c0', 'aca8eb44-6170-4a64-9cfe-d3fd60fb4269', 'Sama-sama kak', 'text', false, '2026-05-26T13:40:29.690233');
INSERT INTO messages (id, conversation_id, sender_id, content, message_type, is_read, created_at) VALUES ('ff550859-178c-4965-b8d3-16eb623e856b', '9bfcbe55-d124-4a37-82f5-439c0ea0ed3b', '24685976-9721-4eb9-ac16-9cfb18393ac9', 'Halo kak, masih ada?', 'text', true, '2026-05-28T15:11:29.690249');
INSERT INTO messages (id, conversation_id, sender_id, content, message_type, is_read, created_at) VALUES ('03bf927b-86e3-4c4e-ab8a-003987860387', '9bfcbe55-d124-4a37-82f5-439c0ea0ed3b', '4dab0120-2d43-4213-8b51-cf83421a08b1', 'Masih kak, silakan', 'text', true, '2026-05-28T15:27:29.690249');
INSERT INTO messages (id, conversation_id, sender_id, content, message_type, offer_price, offer_status, is_read, created_at) VALUES ('5fd6e136-336e-4995-9efb-a8a860c48a7f', '9bfcbe55-d124-4a37-82f5-439c0ea0ed3b', '24685976-9721-4eb9-ac16-9cfb18393ac9', 'Boleh tawar ga kak? Nego tipis nih', 'offer', 128484, 'pending', true, '2026-05-28T15:38:29.690249');
INSERT INTO messages (id, conversation_id, sender_id, content, message_type, is_read, created_at) VALUES ('fbd1f290-1b84-4f6c-9bd4-1bd80c401b2a', '9bfcbe55-d124-4a37-82f5-439c0ea0ed3b', '4dab0120-2d43-4213-8b51-cf83421a08b1', 'Waduh belum dapet kak kalo segitu', 'text', false, '2026-05-28T15:46:29.690249');
INSERT INTO messages (id, conversation_id, sender_id, content, message_type, is_read, created_at) VALUES ('ce154b3b-dddc-4b58-9bff-4436faa6d046', '9bfcbe55-d124-4a37-82f5-439c0ea0ed3b', '24685976-9721-4eb9-ac16-9cfb18393ac9', 'Yaah, naikin dikit deh', 'text', false, '2026-05-28T16:45:29.690249');
INSERT INTO messages (id, conversation_id, sender_id, content, message_type, is_read, created_at) VALUES ('88c3fe24-7bec-4f7f-9097-8524ebf5dde3', '117d5a3d-4139-459d-acfe-3d0b0f3d6e49', 'f96f6cc3-695f-4941-af27-59b9f3a68759', 'Halo kak, masih ada?', 'text', true, '2026-05-26T07:57:29.690262');
INSERT INTO messages (id, conversation_id, sender_id, content, message_type, is_read, created_at) VALUES ('e92dcc14-0187-4f73-9572-a4677ca8a3e2', '117d5a3d-4139-459d-acfe-3d0b0f3d6e49', '677dc151-c63d-40d7-ac9b-2a2e6156c70d', 'Masih kak, silakan', 'text', true, '2026-05-26T08:32:29.690262');
INSERT INTO messages (id, conversation_id, sender_id, content, message_type, offer_price, offer_status, is_read, created_at) VALUES ('32ceb8f1-d588-4cde-b7aa-3f81cf2dff1b', '117d5a3d-4139-459d-acfe-3d0b0f3d6e49', 'f96f6cc3-695f-4941-af27-59b9f3a68759', 'Boleh tawar ga kak? Nego tipis nih', 'offer', 140486, 'pending', true, '2026-05-26T09:11:29.690262');
INSERT INTO messages (id, conversation_id, sender_id, content, message_type, is_read, created_at) VALUES ('1b8e30c8-991f-4d88-9643-c8e4564ca196', '117d5a3d-4139-459d-acfe-3d0b0f3d6e49', '677dc151-c63d-40d7-ac9b-2a2e6156c70d', 'Waduh belum dapet kak kalo segitu', 'text', true, '2026-05-26T09:28:29.690262');
INSERT INTO messages (id, conversation_id, sender_id, content, message_type, is_read, created_at) VALUES ('5a92e948-a037-4316-8a5d-19a4edf9c186', '117d5a3d-4139-459d-acfe-3d0b0f3d6e49', 'f96f6cc3-695f-4941-af27-59b9f3a68759', 'Yaah, naikin dikit deh', 'text', true, '2026-05-26T10:04:29.690262');
INSERT INTO messages (id, conversation_id, sender_id, content, message_type, is_read, created_at) VALUES ('654682d0-a6ee-4155-aea3-c978c6a38fa3', '117d5a3d-4139-459d-acfe-3d0b0f3d6e49', '677dc151-c63d-40d7-ac9b-2a2e6156c70d', 'Ok', 'text', true, '2026-05-26T10:15:29.690262');
INSERT INTO messages (id, conversation_id, sender_id, content, message_type, is_read, created_at) VALUES ('d7753842-da66-452c-bdd2-dfe7c5989f89', '117d5a3d-4139-459d-acfe-3d0b0f3d6e49', 'f96f6cc3-695f-4941-af27-59b9f3a68759', 'Lg dmn kak?', 'text', true, '2026-05-26T11:03:29.690262');
INSERT INTO messages (id, conversation_id, sender_id, content, message_type, is_read, created_at) VALUES ('d325dc82-d14c-4fbd-bf53-e6ae195b0796', '117d5a3d-4139-459d-acfe-3d0b0f3d6e49', '677dc151-c63d-40d7-ac9b-2a2e6156c70d', 'Udh di lokasi ya', 'text', true, '2026-05-26T11:24:29.690262');
INSERT INTO messages (id, conversation_id, sender_id, content, message_type, is_read, created_at) VALUES ('6c2921cc-a403-4693-ae30-4c79d3c2c9f3', '117d5a3d-4139-459d-acfe-3d0b0f3d6e49', 'f96f6cc3-695f-4941-af27-59b9f3a68759', 'Lg dmn kak?', 'text', true, '2026-05-26T11:52:29.690262');
INSERT INTO messages (id, conversation_id, sender_id, content, message_type, is_read, created_at) VALUES ('ed178025-a975-489c-adf8-9dcb334424c0', '117d5a3d-4139-459d-acfe-3d0b0f3d6e49', '677dc151-c63d-40d7-ac9b-2a2e6156c70d', 'Udh di lokasi ya', 'text', true, '2026-05-26T12:48:29.690262');
INSERT INTO messages (id, conversation_id, sender_id, content, message_type, is_read, created_at) VALUES ('a7060f6f-6f59-4d5a-98a6-a2ab40f90ccf', '117d5a3d-4139-459d-acfe-3d0b0f3d6e49', 'f96f6cc3-695f-4941-af27-59b9f3a68759', 'Oke kak', 'text', false, '2026-05-26T13:39:29.690262');
INSERT INTO messages (id, conversation_id, sender_id, content, message_type, is_read, created_at) VALUES ('2d3ccc6b-80a4-4d3d-8f42-6f9e287c72f3', '117d5a3d-4139-459d-acfe-3d0b0f3d6e49', '677dc151-c63d-40d7-ac9b-2a2e6156c70d', 'Udh di lokasi ya', 'text', false, '2026-05-26T14:23:29.690262');
INSERT INTO messages (id, conversation_id, sender_id, content, message_type, is_read, created_at) VALUES ('7460a15f-868f-40ac-a49a-f5d99bdb283b', 'bbd615a3-d006-4cc9-89d2-5f67759f3f2e', '92f7b1da-5c5c-48a9-9019-73377efd7b16', 'Halo kak, masih ada?', 'text', true, '2026-05-27T10:59:29.690282');
INSERT INTO messages (id, conversation_id, sender_id, content, message_type, is_read, created_at) VALUES ('4e55bb11-51ed-474d-a129-fd25f0026c4a', 'bbd615a3-d006-4cc9-89d2-5f67759f3f2e', '910fa170-6a3e-49eb-9a20-d723005fd5e5', 'Masih kak, silakan', 'text', true, '2026-05-27T11:52:29.690282');
INSERT INTO messages (id, conversation_id, sender_id, content, message_type, offer_price, offer_status, is_read, created_at) VALUES ('01790b11-525d-49f3-95e8-a40b89f39cb5', 'bbd615a3-d006-4cc9-89d2-5f67759f3f2e', '92f7b1da-5c5c-48a9-9019-73377efd7b16', 'Boleh tawar ga kak? Nego tipis nih', 'offer', 108281, 'pending', true, '2026-05-27T12:27:29.690282');
INSERT INTO messages (id, conversation_id, sender_id, content, message_type, is_read, created_at) VALUES ('72c9230f-7845-45c3-a437-b50059aee34e', 'bbd615a3-d006-4cc9-89d2-5f67759f3f2e', '910fa170-6a3e-49eb-9a20-d723005fd5e5', 'Waduh belum dapet kak kalo segitu', 'text', true, '2026-05-27T12:58:29.690282');
INSERT INTO messages (id, conversation_id, sender_id, content, message_type, is_read, created_at) VALUES ('54b2ef5d-7b40-48c3-bc8e-b0a54ea8fced', 'bbd615a3-d006-4cc9-89d2-5f67759f3f2e', '92f7b1da-5c5c-48a9-9019-73377efd7b16', 'Yaah, naikin dikit deh', 'text', true, '2026-05-27T13:54:29.690282');
INSERT INTO messages (id, conversation_id, sender_id, content, message_type, is_read, created_at) VALUES ('500705f0-2c79-4e7b-9d54-ca4399fe2eaf', 'bbd615a3-d006-4cc9-89d2-5f67759f3f2e', '910fa170-6a3e-49eb-9a20-d723005fd5e5', 'Udh di lokasi ya', 'text', true, '2026-05-27T14:40:29.690282');
INSERT INTO messages (id, conversation_id, sender_id, content, message_type, is_read, created_at) VALUES ('d0064753-c222-46cb-8e11-791705827537', 'bbd615a3-d006-4cc9-89d2-5f67759f3f2e', '92f7b1da-5c5c-48a9-9019-73377efd7b16', 'Otw kak', 'text', true, '2026-05-27T15:01:29.690282');
INSERT INTO messages (id, conversation_id, sender_id, content, message_type, is_read, created_at) VALUES ('a62c0aaa-81b8-4a69-9f50-20e69ee707d5', 'bbd615a3-d006-4cc9-89d2-5f67759f3f2e', '910fa170-6a3e-49eb-9a20-d723005fd5e5', 'Udh di lokasi ya', 'text', false, '2026-05-27T15:50:29.690282');
INSERT INTO messages (id, conversation_id, sender_id, content, message_type, is_read, created_at) VALUES ('ce6ca0ac-4c3d-4b45-9e16-e18a3d3b8525', 'bbd615a3-d006-4cc9-89d2-5f67759f3f2e', '92f7b1da-5c5c-48a9-9019-73377efd7b16', 'Sip makasi', 'text', false, '2026-05-27T16:33:29.690282');
INSERT INTO messages (id, conversation_id, sender_id, content, message_type, is_read, created_at) VALUES ('0b925794-d989-4a3b-aef4-5aa253aceda1', 'b5f57ae5-971b-4331-a413-d469554d1f55', 'b886c335-f5d2-4262-9555-c5c69f06c261', 'Masih available kak?', 'text', true, '2026-05-22T16:02:29.690295');
INSERT INTO messages (id, conversation_id, sender_id, content, message_type, is_read, created_at) VALUES ('ec7ded60-9fe9-40c2-ba49-7d2541698138', 'b5f57ae5-971b-4331-a413-d469554d1f55', '92f7b1da-5c5c-48a9-9019-73377efd7b16', 'Masih ada, kondisi mulus ya tinggal diambil aja', 'text', true, '2026-05-22T16:41:29.690295');
INSERT INTO messages (id, conversation_id, sender_id, content, message_type, is_read, created_at) VALUES ('6e8314b1-8d63-4a59-baa0-04f0b4de7cc3', 'b5f57ae5-971b-4331-a413-d469554d1f55', 'b886c335-f5d2-4262-9555-c5c69f06c261', 'Bisa COD di Labtek mana aja?', 'text', false, '2026-05-22T17:01:29.690295');
INSERT INTO messages (id, conversation_id, sender_id, content, message_type, is_read, created_at) VALUES ('a31f389d-31d2-4e3f-800c-490b2029ba8e', 'b5f57ae5-971b-4331-a413-d469554d1f55', '92f7b1da-5c5c-48a9-9019-73377efd7b16', 'Di depan perpus pusat aja kak', 'text', false, '2026-05-22T18:01:29.690295');
INSERT INTO messages (id, conversation_id, sender_id, content, message_type, is_read, created_at) VALUES ('5ac1b858-f579-4965-9e23-2896b28a8baf', '1fc4a81d-4742-4025-9d0f-c2277ed7a4f9', 'f96f6cc3-695f-4941-af27-59b9f3a68759', 'Masih available kak?', 'text', true, '2026-05-23T11:20:29.690308');
INSERT INTO messages (id, conversation_id, sender_id, content, message_type, is_read, created_at) VALUES ('43213a8b-b048-49a4-9fa9-cf2c2511c84d', '1fc4a81d-4742-4025-9d0f-c2277ed7a4f9', '59a36309-e51b-400a-99f1-cfd4ad860b76', 'Masih ada, kondisi mulus ya tinggal diambil aja', 'text', true, '2026-05-23T12:02:29.690308');
INSERT INTO messages (id, conversation_id, sender_id, content, message_type, is_read, created_at) VALUES ('94ca02cf-9720-42c8-9be8-f22520bc5411', '1fc4a81d-4742-4025-9d0f-c2277ed7a4f9', 'f96f6cc3-695f-4941-af27-59b9f3a68759', 'Bisa COD di Labtek mana aja?', 'text', true, '2026-05-23T12:53:29.690308');
INSERT INTO messages (id, conversation_id, sender_id, content, message_type, is_read, created_at) VALUES ('3075ecc6-8bc0-4d29-93ea-22160ac93d0c', '1fc4a81d-4742-4025-9d0f-c2277ed7a4f9', '59a36309-e51b-400a-99f1-cfd4ad860b76', 'Di depan perpus pusat aja kak', 'text', true, '2026-05-23T13:51:29.690308');
INSERT INTO messages (id, conversation_id, sender_id, content, message_type, is_read, created_at) VALUES ('a412a84d-b4d0-4a81-bcc8-6d64bf52a70a', '1fc4a81d-4742-4025-9d0f-c2277ed7a4f9', 'f96f6cc3-695f-4941-af27-59b9f3a68759', 'Oke kak', 'text', true, '2026-05-23T14:17:29.690308');
INSERT INTO messages (id, conversation_id, sender_id, content, message_type, is_read, created_at) VALUES ('254c1954-4a12-443a-828f-357d35d93af8', '1fc4a81d-4742-4025-9d0f-c2277ed7a4f9', '59a36309-e51b-400a-99f1-cfd4ad860b76', 'Ok', 'text', true, '2026-05-23T15:03:29.690308');
INSERT INTO messages (id, conversation_id, sender_id, content, message_type, is_read, created_at) VALUES ('08fc85e1-7ad2-4954-a3b2-d0597b9d4564', '1fc4a81d-4742-4025-9d0f-c2277ed7a4f9', 'f96f6cc3-695f-4941-af27-59b9f3a68759', 'Lg dmn kak?', 'text', false, '2026-05-23T15:22:29.690308');
INSERT INTO messages (id, conversation_id, sender_id, content, message_type, is_read, created_at) VALUES ('24686b61-b71d-48ea-9fb4-bcad89833596', '1fc4a81d-4742-4025-9d0f-c2277ed7a4f9', '59a36309-e51b-400a-99f1-cfd4ad860b76', 'Ok', 'text', false, '2026-05-23T15:41:29.690308');
INSERT INTO messages (id, conversation_id, sender_id, content, message_type, is_read, created_at) VALUES ('73f5113b-b6b4-455a-a23b-d0355329c4ce', '9e3c3449-1960-45c7-ba23-4a8cefd35c4f', '17f7a776-89df-48a8-9c6c-af226f9cc95e', 'Masih available kak?', 'text', true, '2026-05-23T12:58:29.690341');
INSERT INTO messages (id, conversation_id, sender_id, content, message_type, is_read, created_at) VALUES ('d9f6e7a5-256c-46e3-b0e7-3185433aac3e', '9e3c3449-1960-45c7-ba23-4a8cefd35c4f', '2c5b997f-fadd-4722-b8e8-ce16a5b1ed30', 'Masih ada, kondisi mulus ya tinggal diambil aja', 'text', true, '2026-05-23T13:32:29.690341');
INSERT INTO messages (id, conversation_id, sender_id, content, message_type, is_read, created_at) VALUES ('4587db85-7a75-4085-a842-86fff0a904c3', '9e3c3449-1960-45c7-ba23-4a8cefd35c4f', '17f7a776-89df-48a8-9c6c-af226f9cc95e', 'Bisa COD di Labtek mana aja?', 'text', true, '2026-05-23T13:43:29.690341');
INSERT INTO messages (id, conversation_id, sender_id, content, message_type, is_read, created_at) VALUES ('5482e772-5697-4467-9126-32b7181605f8', '9e3c3449-1960-45c7-ba23-4a8cefd35c4f', '2c5b997f-fadd-4722-b8e8-ce16a5b1ed30', 'Di depan perpus pusat aja kak', 'text', true, '2026-05-23T14:22:29.690341');
INSERT INTO messages (id, conversation_id, sender_id, content, message_type, is_read, created_at) VALUES ('b79b0c6c-4449-4560-b3bb-e067e5aef7a5', '9e3c3449-1960-45c7-ba23-4a8cefd35c4f', '17f7a776-89df-48a8-9c6c-af226f9cc95e', 'Oke kak', 'text', true, '2026-05-23T14:41:29.690341');
INSERT INTO messages (id, conversation_id, sender_id, content, message_type, is_read, created_at) VALUES ('87bb7bec-543f-43a1-b1e6-69e17439f913', '9e3c3449-1960-45c7-ba23-4a8cefd35c4f', '2c5b997f-fadd-4722-b8e8-ce16a5b1ed30', 'Ok', 'text', false, '2026-05-23T15:16:29.690341');
INSERT INTO messages (id, conversation_id, sender_id, content, message_type, is_read, created_at) VALUES ('1f0c7c89-5dbd-4331-bfe4-2b3ed661af25', '9e3c3449-1960-45c7-ba23-4a8cefd35c4f', '17f7a776-89df-48a8-9c6c-af226f9cc95e', 'Otw kak', 'text', false, '2026-05-23T15:52:29.690341');
INSERT INTO messages (id, conversation_id, sender_id, content, message_type, is_read, created_at) VALUES ('591b9806-9541-4ccd-8924-4b796049c66c', '51a66e06-8b19-434a-a7a8-0178c041e6d1', '5a17eba6-dc7a-4dfe-a6e5-3e474d73a201', 'Masih available kak?', 'text', true, '2026-05-24T10:35:29.690355');
INSERT INTO messages (id, conversation_id, sender_id, content, message_type, is_read, created_at) VALUES ('daf99ced-4e02-4241-a507-febec70c5eaf', '51a66e06-8b19-434a-a7a8-0178c041e6d1', 'f96f6cc3-695f-4941-af27-59b9f3a68759', 'Masih ada, kondisi mulus ya tinggal diambil aja', 'text', true, '2026-05-24T11:27:29.690355');
INSERT INTO messages (id, conversation_id, sender_id, content, message_type, is_read, created_at) VALUES ('7f8feb95-b35c-46b1-8b7c-97d4387ac8f1', '51a66e06-8b19-434a-a7a8-0178c041e6d1', '5a17eba6-dc7a-4dfe-a6e5-3e474d73a201', 'Bisa COD di Labtek mana aja?', 'text', true, '2026-05-24T12:22:29.690355');
INSERT INTO messages (id, conversation_id, sender_id, content, message_type, is_read, created_at) VALUES ('cc3b5310-1971-48c9-bfc0-e85aae6839e2', '51a66e06-8b19-434a-a7a8-0178c041e6d1', 'f96f6cc3-695f-4941-af27-59b9f3a68759', 'Di depan perpus pusat aja kak', 'text', true, '2026-05-24T12:57:29.690355');
INSERT INTO messages (id, conversation_id, sender_id, content, message_type, is_read, created_at) VALUES ('27128f94-fa88-4ee7-befd-3890fc401762', '51a66e06-8b19-434a-a7a8-0178c041e6d1', '5a17eba6-dc7a-4dfe-a6e5-3e474d73a201', 'Lg dmn kak?', 'text', true, '2026-05-24T13:52:29.690355');
INSERT INTO messages (id, conversation_id, sender_id, content, message_type, is_read, created_at) VALUES ('8cd215b4-c38e-4c65-aa13-a2db9ff91773', '51a66e06-8b19-434a-a7a8-0178c041e6d1', 'f96f6cc3-695f-4941-af27-59b9f3a68759', 'Siaap', 'text', true, '2026-05-24T14:12:29.690355');
INSERT INTO messages (id, conversation_id, sender_id, content, message_type, is_read, created_at) VALUES ('0fe4f1a7-88bb-400b-bfba-acb8bdf22f3e', '51a66e06-8b19-434a-a7a8-0178c041e6d1', '5a17eba6-dc7a-4dfe-a6e5-3e474d73a201', 'Otw kak', 'text', true, '2026-05-24T14:58:29.690355');
INSERT INTO messages (id, conversation_id, sender_id, content, message_type, is_read, created_at) VALUES ('13ad9cbe-3896-4654-a3a7-d9d7d29b1bf1', '51a66e06-8b19-434a-a7a8-0178c041e6d1', 'f96f6cc3-695f-4941-af27-59b9f3a68759', 'Siaap', 'text', false, '2026-05-24T15:06:29.690355');
INSERT INTO messages (id, conversation_id, sender_id, content, message_type, is_read, created_at) VALUES ('3be9f2db-f299-464e-a66f-6826a133b16c', '51a66e06-8b19-434a-a7a8-0178c041e6d1', '5a17eba6-dc7a-4dfe-a6e5-3e474d73a201', 'Sip makasi', 'text', false, '2026-05-24T15:29:29.690355');
INSERT INTO messages (id, conversation_id, sender_id, content, message_type, is_read, created_at) VALUES ('cec74e5c-b333-4e1a-a9cc-4c8870a2f705', '23b361cb-f586-4673-924e-dea4fdcd6c4a', 'aca8eb44-6170-4a64-9cfe-d3fd60fb4269', 'Masih available kak?', 'text', true, '2026-05-10T08:51:29.690387');
INSERT INTO messages (id, conversation_id, sender_id, content, message_type, is_read, created_at) VALUES ('98feee82-2b33-4dc9-91b0-e0ade3d82364', '23b361cb-f586-4673-924e-dea4fdcd6c4a', 'b886c335-f5d2-4262-9555-c5c69f06c261', 'Masih ada, kondisi mulus ya tinggal diambil aja', 'text', true, '2026-05-10T09:23:29.690387');
INSERT INTO messages (id, conversation_id, sender_id, content, message_type, is_read, created_at) VALUES ('eec91251-4591-4fa0-9530-6c684567bf91', '23b361cb-f586-4673-924e-dea4fdcd6c4a', 'aca8eb44-6170-4a64-9cfe-d3fd60fb4269', 'Bisa COD di Labtek mana aja?', 'text', true, '2026-05-10T09:56:29.690387');
INSERT INTO messages (id, conversation_id, sender_id, content, message_type, is_read, created_at) VALUES ('537d61e3-0134-4ac4-9d2c-0d2bc54e338f', '23b361cb-f586-4673-924e-dea4fdcd6c4a', 'b886c335-f5d2-4262-9555-c5c69f06c261', 'Di depan perpus pusat aja kak', 'text', true, '2026-05-10T10:42:29.690387');
INSERT INTO messages (id, conversation_id, sender_id, content, message_type, is_read, created_at) VALUES ('a4d7958c-c1a2-4f43-8596-91466cd225b0', '23b361cb-f586-4673-924e-dea4fdcd6c4a', 'aca8eb44-6170-4a64-9cfe-d3fd60fb4269', 'Sip makasi', 'text', true, '2026-05-10T10:56:29.690387');
INSERT INTO messages (id, conversation_id, sender_id, content, message_type, is_read, created_at) VALUES ('4a200852-2f28-41cf-917c-2d53dfd690bc', '23b361cb-f586-4673-924e-dea4fdcd6c4a', 'b886c335-f5d2-4262-9555-c5c69f06c261', 'Udh di lokasi ya', 'text', true, '2026-05-10T11:41:29.690387');
INSERT INTO messages (id, conversation_id, sender_id, content, message_type, is_read, created_at) VALUES ('2cf1a88e-21c4-41ac-99f5-a778273fefd3', '23b361cb-f586-4673-924e-dea4fdcd6c4a', 'aca8eb44-6170-4a64-9cfe-d3fd60fb4269', 'Lg dmn kak?', 'text', true, '2026-05-10T12:13:29.690387');
INSERT INTO messages (id, conversation_id, sender_id, content, message_type, is_read, created_at) VALUES ('0c7f4386-b08c-4649-8ab5-006ef3b97fad', '23b361cb-f586-4673-924e-dea4fdcd6c4a', 'b886c335-f5d2-4262-9555-c5c69f06c261', 'Udh di lokasi ya', 'text', true, '2026-05-10T12:38:29.690387');
INSERT INTO messages (id, conversation_id, sender_id, content, message_type, is_read, created_at) VALUES ('1569666a-d4a4-4c4b-b908-0493c7de419b', '23b361cb-f586-4673-924e-dea4fdcd6c4a', 'aca8eb44-6170-4a64-9cfe-d3fd60fb4269', 'Lg dmn kak?', 'text', true, '2026-05-10T12:55:29.690387');
INSERT INTO messages (id, conversation_id, sender_id, content, message_type, is_read, created_at) VALUES ('931122c5-5b74-4a50-a26f-227ccdf0ff89', '23b361cb-f586-4673-924e-dea4fdcd6c4a', 'b886c335-f5d2-4262-9555-c5c69f06c261', 'Sama-sama kak', 'text', true, '2026-05-10T13:34:29.690387');
INSERT INTO messages (id, conversation_id, sender_id, content, message_type, is_read, created_at) VALUES ('8fe85b0b-035c-4354-849c-b719c81bc9ec', '23b361cb-f586-4673-924e-dea4fdcd6c4a', 'aca8eb44-6170-4a64-9cfe-d3fd60fb4269', 'Lg dmn kak?', 'text', true, '2026-05-10T14:29:29.690387');
INSERT INTO messages (id, conversation_id, sender_id, content, message_type, is_read, created_at) VALUES ('818b919d-c2df-417b-87ce-fee821788f92', 'cd66aea8-37dc-4183-aa52-bbc78d5fefc9', '910fa170-6a3e-49eb-9a20-d723005fd5e5', 'Masih available kak?', 'text', true, '2026-05-21T12:56:29.690399');
INSERT INTO messages (id, conversation_id, sender_id, content, message_type, is_read, created_at) VALUES ('e078d190-059f-4513-b09c-deaecf440e45', 'cd66aea8-37dc-4183-aa52-bbc78d5fefc9', '17f7a776-89df-48a8-9c6c-af226f9cc95e', 'Masih ada, kondisi mulus ya tinggal diambil aja', 'text', true, '2026-05-21T13:39:29.690399');
INSERT INTO messages (id, conversation_id, sender_id, content, message_type, is_read, created_at) VALUES ('655825c4-2a56-4a15-8657-7a012f32b579', 'cd66aea8-37dc-4183-aa52-bbc78d5fefc9', '910fa170-6a3e-49eb-9a20-d723005fd5e5', 'Bisa COD di Labtek mana aja?', 'text', true, '2026-05-21T13:47:29.690399');
INSERT INTO messages (id, conversation_id, sender_id, content, message_type, is_read, created_at) VALUES ('a9d3cada-792d-4bf0-a3af-0ce6ab6bafa6', 'cd66aea8-37dc-4183-aa52-bbc78d5fefc9', '17f7a776-89df-48a8-9c6c-af226f9cc95e', 'Di depan perpus pusat aja kak', 'text', true, '2026-05-21T14:38:29.690399');
INSERT INTO messages (id, conversation_id, sender_id, content, message_type, is_read, created_at) VALUES ('5170587b-229e-4ca3-8f31-ec85d3e3cce3', 'cd66aea8-37dc-4183-aa52-bbc78d5fefc9', '910fa170-6a3e-49eb-9a20-d723005fd5e5', 'Otw kak', 'text', true, '2026-05-21T15:08:29.690399');
INSERT INTO messages (id, conversation_id, sender_id, content, message_type, is_read, created_at) VALUES ('933b8ef3-c8fb-4171-8848-262a7aaee187', 'cd66aea8-37dc-4183-aa52-bbc78d5fefc9', '17f7a776-89df-48a8-9c6c-af226f9cc95e', 'Siaap', 'text', true, '2026-05-21T15:59:29.690399');
INSERT INTO messages (id, conversation_id, sender_id, content, message_type, is_read, created_at) VALUES ('b11feaf1-0412-4864-953b-cf89e35be472', 'cd66aea8-37dc-4183-aa52-bbc78d5fefc9', '910fa170-6a3e-49eb-9a20-d723005fd5e5', 'Otw kak', 'text', true, '2026-05-21T16:21:29.690399');
INSERT INTO messages (id, conversation_id, sender_id, content, message_type, is_read, created_at) VALUES ('9e41b11c-7d1b-449a-9f1c-d51fe9940a4c', '75e1e651-630d-443e-935d-12166693b512', '6c9054d7-f023-48b0-af78-953ebc4064b2', 'Masih available kak?', 'text', true, '2026-05-01T15:23:29.690438');
INSERT INTO messages (id, conversation_id, sender_id, content, message_type, is_read, created_at) VALUES ('c9782c17-9b1b-4c21-912e-564f1216d2b6', '75e1e651-630d-443e-935d-12166693b512', '24685976-9721-4eb9-ac16-9cfb18393ac9', 'Masih ada, kondisi mulus ya tinggal diambil aja', 'text', true, '2026-05-01T16:16:29.690438');
INSERT INTO messages (id, conversation_id, sender_id, content, message_type, is_read, created_at) VALUES ('5f8f08e6-a88d-4942-b7a7-b28b1fe0ef0f', '75e1e651-630d-443e-935d-12166693b512', '6c9054d7-f023-48b0-af78-953ebc4064b2', 'Bisa COD di Labtek mana aja?', 'text', true, '2026-05-01T16:32:29.690438');
INSERT INTO messages (id, conversation_id, sender_id, content, message_type, is_read, created_at) VALUES ('81cb610a-bf8c-4063-93ad-34e5a74964c4', '75e1e651-630d-443e-935d-12166693b512', '24685976-9721-4eb9-ac16-9cfb18393ac9', 'Di depan perpus pusat aja kak', 'text', true, '2026-05-01T17:02:29.690438');
INSERT INTO messages (id, conversation_id, sender_id, content, message_type, is_read, created_at) VALUES ('19a78275-1e54-49b0-b068-c424cc22c6f1', 'f3878778-06fd-4cc0-a6f1-b134067e9574', '47065d79-30f4-4e45-b389-67464723e555', 'Masih available kak?', 'text', true, '2026-05-09T14:32:29.690459');
INSERT INTO messages (id, conversation_id, sender_id, content, message_type, is_read, created_at) VALUES ('d5446804-bb79-469e-abe7-c37b3ea54689', 'f3878778-06fd-4cc0-a6f1-b134067e9574', '4b90b786-482f-44df-bea2-f9a4d55cea24', 'Masih ada, kondisi mulus ya tinggal diambil aja', 'text', true, '2026-05-09T15:30:29.690459');
INSERT INTO messages (id, conversation_id, sender_id, content, message_type, is_read, created_at) VALUES ('3cb82580-0016-4f24-ab62-08c86a973d68', 'f3878778-06fd-4cc0-a6f1-b134067e9574', '47065d79-30f4-4e45-b389-67464723e555', 'Bisa COD di Labtek mana aja?', 'text', true, '2026-05-09T15:52:29.690459');
INSERT INTO messages (id, conversation_id, sender_id, content, message_type, is_read, created_at) VALUES ('58b27dab-b093-4875-85a6-cbb5df941b85', 'f3878778-06fd-4cc0-a6f1-b134067e9574', '4b90b786-482f-44df-bea2-f9a4d55cea24', 'Di depan perpus pusat aja kak', 'text', true, '2026-05-09T16:27:29.690459');
INSERT INTO messages (id, conversation_id, sender_id, content, message_type, is_read, created_at) VALUES ('65d5c6cc-8ef7-4975-99f4-88a437e24798', 'f3878778-06fd-4cc0-a6f1-b134067e9574', '47065d79-30f4-4e45-b389-67464723e555', 'Lg dmn kak?', 'text', true, '2026-05-09T17:04:29.690459');
INSERT INTO messages (id, conversation_id, sender_id, content, message_type, is_read, created_at) VALUES ('0ac3c00e-1299-4b48-a99c-1d0f37b596d9', '85f3c2a3-f304-42cd-99ab-a725f7f4cd20', '50c249a0-c5be-442e-b56c-a604ae056500', 'Masih available kak?', 'text', true, '2026-05-20T13:45:29.690473');
INSERT INTO messages (id, conversation_id, sender_id, content, message_type, is_read, created_at) VALUES ('da3bc5e8-4e21-464a-9e29-29b8457b1eed', '85f3c2a3-f304-42cd-99ab-a725f7f4cd20', '92f7b1da-5c5c-48a9-9019-73377efd7b16', 'Masih ada, kondisi mulus ya tinggal diambil aja', 'text', true, '2026-05-20T14:40:29.690473');
INSERT INTO messages (id, conversation_id, sender_id, content, message_type, is_read, created_at) VALUES ('48485809-b873-4a28-953b-83940074a6af', '85f3c2a3-f304-42cd-99ab-a725f7f4cd20', '50c249a0-c5be-442e-b56c-a604ae056500', 'Bisa COD di Labtek mana aja?', 'text', true, '2026-05-20T15:18:29.690473');
INSERT INTO messages (id, conversation_id, sender_id, content, message_type, is_read, created_at) VALUES ('17c377b8-c27e-45e7-8e8f-7bbb1a357a81', '85f3c2a3-f304-42cd-99ab-a725f7f4cd20', '92f7b1da-5c5c-48a9-9019-73377efd7b16', 'Di depan perpus pusat aja kak', 'text', true, '2026-05-20T15:44:29.690473');
INSERT INTO messages (id, conversation_id, sender_id, content, message_type, is_read, created_at) VALUES ('a9b1ca67-c834-43e3-bf3b-3a2fc3598a12', '85f3c2a3-f304-42cd-99ab-a725f7f4cd20', '50c249a0-c5be-442e-b56c-a604ae056500', 'Oke kak', 'text', true, '2026-05-20T16:22:29.690473');
INSERT INTO messages (id, conversation_id, sender_id, content, message_type, is_read, created_at) VALUES ('cfec6a69-7a34-4b1b-b291-0a09d81a3f9b', '85f3c2a3-f304-42cd-99ab-a725f7f4cd20', '92f7b1da-5c5c-48a9-9019-73377efd7b16', 'Sama-sama kak', 'text', true, '2026-05-20T17:16:29.690473');
INSERT INTO messages (id, conversation_id, sender_id, content, message_type, is_read, created_at) VALUES ('f7b3241d-b195-4a08-9369-1d759c43a577', 'a02f7577-c583-4507-98b4-5c66177e2ba7', '4b90b786-482f-44df-bea2-f9a4d55cea24', 'Kak besok bisa COD?', 'text', true, '2026-05-28T08:26:29.690505');
INSERT INTO messages (id, conversation_id, sender_id, content, message_type, is_read, created_at) VALUES ('3047685d-496b-4faa-97e6-de63bf69a109', 'a02f7577-c583-4507-98b4-5c66177e2ba7', '24685976-9721-4eb9-ac16-9cfb18393ac9', 'Bisa, jam berapa?', 'text', true, '2026-05-28T09:20:29.690505');
INSERT INTO messages (id, conversation_id, sender_id, content, message_type, is_read, created_at) VALUES ('df6711fb-3879-4262-8872-94137a5276e8', 'a02f7577-c583-4507-98b4-5c66177e2ba7', '4b90b786-482f-44df-bea2-f9a4d55cea24', 'Jam 2 siang di Kantin Barat ya?', 'text', true, '2026-05-28T10:06:29.690505');
INSERT INTO messages (id, conversation_id, sender_id, content, message_type, is_read, created_at) VALUES ('4572faa0-1813-4b42-9503-2b14808038d2', 'a02f7577-c583-4507-98b4-5c66177e2ba7', '24685976-9721-4eb9-ac16-9cfb18393ac9', 'Oke sip, kabari aja besok kalo udh nyampe', 'text', true, '2026-05-28T10:47:29.690505');
INSERT INTO messages (id, conversation_id, sender_id, content, message_type, is_read, created_at) VALUES ('42ea0b99-9470-4a10-8dc6-0d7645957555', 'a02f7577-c583-4507-98b4-5c66177e2ba7', '4b90b786-482f-44df-bea2-f9a4d55cea24', 'Sip makasi', 'text', true, '2026-05-28T11:00:29.690505');
INSERT INTO messages (id, conversation_id, sender_id, content, message_type, is_read, created_at) VALUES ('7a8b41d5-5a89-45c8-b667-66440d2a41bb', 'a02f7577-c583-4507-98b4-5c66177e2ba7', '24685976-9721-4eb9-ac16-9cfb18393ac9', 'Ok', 'text', true, '2026-05-28T11:47:29.690505');
INSERT INTO messages (id, conversation_id, sender_id, content, message_type, is_read, created_at) VALUES ('3f89407c-6b78-4ea0-98d2-d4e7f024784d', 'a02f7577-c583-4507-98b4-5c66177e2ba7', '4b90b786-482f-44df-bea2-f9a4d55cea24', 'Sip makasi', 'text', true, '2026-05-28T12:39:29.690505');
INSERT INTO messages (id, conversation_id, sender_id, content, message_type, is_read, created_at) VALUES ('cbe7b1c0-70b0-4338-9a27-3584b90ed0ff', 'a02f7577-c583-4507-98b4-5c66177e2ba7', '24685976-9721-4eb9-ac16-9cfb18393ac9', 'Udh di lokasi ya', 'text', true, '2026-05-28T12:55:29.690505');
INSERT INTO messages (id, conversation_id, sender_id, content, message_type, is_read, created_at) VALUES ('44b02ab2-cbe3-478b-b25a-998bc564821f', 'a02f7577-c583-4507-98b4-5c66177e2ba7', '4b90b786-482f-44df-bea2-f9a4d55cea24', 'Oke kak', 'text', true, '2026-05-28T13:21:29.690505');
INSERT INTO messages (id, conversation_id, sender_id, content, message_type, is_read, created_at) VALUES ('4cad7006-0d99-4e3f-be37-105d871c4f8b', 'a02f7577-c583-4507-98b4-5c66177e2ba7', '24685976-9721-4eb9-ac16-9cfb18393ac9', 'Ok', 'text', false, '2026-05-28T14:00:29.690505');
INSERT INTO messages (id, conversation_id, sender_id, content, message_type, is_read, created_at) VALUES ('69d963ef-fd45-4d57-a64f-d44efefcd5da', 'a02f7577-c583-4507-98b4-5c66177e2ba7', '4b90b786-482f-44df-bea2-f9a4d55cea24', 'Otw kak', 'text', false, '2026-05-28T14:58:29.690505');
INSERT INTO messages (id, conversation_id, sender_id, content, message_type, is_read, created_at) VALUES ('17b51fb2-2b01-4da9-88b1-b2fe041d8fcb', 'b5ab00fa-37aa-4aa4-963b-1b196028cb5a', 'ced1757a-351b-47e9-bfe9-de7f8ce0f115', 'Kak besok bisa COD?', 'text', true, '2026-05-27T09:50:29.690536');
INSERT INTO messages (id, conversation_id, sender_id, content, message_type, is_read, created_at) VALUES ('b606c673-72d7-4dc9-8121-f372293e7493', 'b5ab00fa-37aa-4aa4-963b-1b196028cb5a', '24685976-9721-4eb9-ac16-9cfb18393ac9', 'Bisa, jam berapa?', 'text', true, '2026-05-27T10:41:29.690536');
INSERT INTO messages (id, conversation_id, sender_id, content, message_type, is_read, created_at) VALUES ('aeddea2f-059e-494d-9cb2-ee2123235d5c', 'b5ab00fa-37aa-4aa4-963b-1b196028cb5a', 'ced1757a-351b-47e9-bfe9-de7f8ce0f115', 'Jam 2 siang di Kantin Barat ya?', 'text', true, '2026-05-27T11:00:29.690536');
INSERT INTO messages (id, conversation_id, sender_id, content, message_type, is_read, created_at) VALUES ('b530f296-f679-44f7-8924-3cf707ba30df', 'b5ab00fa-37aa-4aa4-963b-1b196028cb5a', '24685976-9721-4eb9-ac16-9cfb18393ac9', 'Oke sip, kabari aja besok kalo udh nyampe', 'text', true, '2026-05-27T11:46:29.690536');
INSERT INTO messages (id, conversation_id, sender_id, content, message_type, is_read, created_at) VALUES ('743e3b09-56f0-4e27-8325-792dfa01b98b', 'b5ab00fa-37aa-4aa4-963b-1b196028cb5a', 'ced1757a-351b-47e9-bfe9-de7f8ce0f115', 'Sip makasi', 'text', true, '2026-05-27T11:57:29.690536');
INSERT INTO messages (id, conversation_id, sender_id, content, message_type, is_read, created_at) VALUES ('515c413e-6cb0-4f51-bddc-18bf05092d9c', 'b5ab00fa-37aa-4aa4-963b-1b196028cb5a', '24685976-9721-4eb9-ac16-9cfb18393ac9', 'Ok', 'text', true, '2026-05-27T12:29:29.690536');
INSERT INTO messages (id, conversation_id, sender_id, content, message_type, is_read, created_at) VALUES ('ae6703bc-88f6-4fb3-ac06-6a2e45dc7c8f', 'b5ab00fa-37aa-4aa4-963b-1b196028cb5a', 'ced1757a-351b-47e9-bfe9-de7f8ce0f115', 'Oke kak', 'text', true, '2026-05-27T13:05:29.690536');
INSERT INTO messages (id, conversation_id, sender_id, content, message_type, is_read, created_at) VALUES ('551ec9f0-ed92-4011-a395-cfed0c48bf9a', 'b5ab00fa-37aa-4aa4-963b-1b196028cb5a', '24685976-9721-4eb9-ac16-9cfb18393ac9', 'Ok', 'text', true, '2026-05-27T13:32:29.690536');
INSERT INTO messages (id, conversation_id, sender_id, content, message_type, is_read, created_at) VALUES ('266ecff4-5126-4ed9-80dd-159df9a4e736', 'b5ab00fa-37aa-4aa4-963b-1b196028cb5a', 'ced1757a-351b-47e9-bfe9-de7f8ce0f115', 'Lg dmn kak?', 'text', false, '2026-05-27T13:50:29.690536');
INSERT INTO messages (id, conversation_id, sender_id, content, message_type, is_read, created_at) VALUES ('82d7d113-c673-4d66-8c58-affb0bd50736', 'b5ab00fa-37aa-4aa4-963b-1b196028cb5a', '24685976-9721-4eb9-ac16-9cfb18393ac9', 'Siaap', 'text', false, '2026-05-27T14:29:29.690536');
INSERT INTO messages (id, conversation_id, sender_id, content, message_type, is_read, created_at) VALUES ('a084adff-0c0d-4703-a9fe-17d890056fce', 'f28960a3-334f-47cc-9121-b6472c8b0bf6', '17f7a776-89df-48a8-9c6c-af226f9cc95e', 'Kak besok bisa COD?', 'text', true, '2026-05-28T10:00:29.690548');
INSERT INTO messages (id, conversation_id, sender_id, content, message_type, is_read, created_at) VALUES ('61a54f14-cc7b-46a5-91d5-54054f9f5046', 'f28960a3-334f-47cc-9121-b6472c8b0bf6', 'b24fc325-fcba-4fb9-9e85-0cfb3b393b80', 'Bisa, jam berapa?', 'text', true, '2026-05-28T10:57:29.690548');
INSERT INTO messages (id, conversation_id, sender_id, content, message_type, is_read, created_at) VALUES ('2e0594bc-9ab7-4710-aeb9-a66123b00cd9', 'f28960a3-334f-47cc-9121-b6472c8b0bf6', '17f7a776-89df-48a8-9c6c-af226f9cc95e', 'Jam 2 siang di Kantin Barat ya?', 'text', true, '2026-05-28T11:12:29.690548');
INSERT INTO messages (id, conversation_id, sender_id, content, message_type, is_read, created_at) VALUES ('7d7d8821-d8d5-4eeb-ba3b-f796fff7c2c7', 'f28960a3-334f-47cc-9121-b6472c8b0bf6', 'b24fc325-fcba-4fb9-9e85-0cfb3b393b80', 'Oke sip, kabari aja besok kalo udh nyampe', 'text', true, '2026-05-28T11:42:29.690548');
INSERT INTO messages (id, conversation_id, sender_id, content, message_type, is_read, created_at) VALUES ('7ecd7201-49dc-416c-ab2a-325749a004e8', 'f28960a3-334f-47cc-9121-b6472c8b0bf6', '17f7a776-89df-48a8-9c6c-af226f9cc95e', 'Otw kak', 'text', true, '2026-05-28T11:50:29.690548');
INSERT INTO messages (id, conversation_id, sender_id, content, message_type, is_read, created_at) VALUES ('6ea2cb8c-284f-418c-bf5b-a61dab4b86e7', 'f28960a3-334f-47cc-9121-b6472c8b0bf6', 'b24fc325-fcba-4fb9-9e85-0cfb3b393b80', 'Sama-sama kak', 'text', true, '2026-05-28T12:24:29.690548');
INSERT INTO messages (id, conversation_id, sender_id, content, message_type, is_read, created_at) VALUES ('4ac232e8-19bf-4080-8c06-cddf5080df81', 'f28960a3-334f-47cc-9121-b6472c8b0bf6', '17f7a776-89df-48a8-9c6c-af226f9cc95e', 'Otw kak', 'text', true, '2026-05-28T12:37:29.690548');
INSERT INTO messages (id, conversation_id, sender_id, content, message_type, is_read, created_at) VALUES ('9b7cb549-0f3a-4b09-8a44-96136d2be822', 'f28960a3-334f-47cc-9121-b6472c8b0bf6', 'b24fc325-fcba-4fb9-9e85-0cfb3b393b80', 'Udh di lokasi ya', 'text', true, '2026-05-28T13:07:29.690548');
INSERT INTO messages (id, conversation_id, sender_id, content, message_type, is_read, created_at) VALUES ('d1448fdf-d81c-47b8-9d61-32bafe565ecd', 'f28960a3-334f-47cc-9121-b6472c8b0bf6', '17f7a776-89df-48a8-9c6c-af226f9cc95e', 'Lg dmn kak?', 'text', false, '2026-05-28T13:22:29.690548');
INSERT INTO messages (id, conversation_id, sender_id, content, message_type, is_read, created_at) VALUES ('1b51918a-19f4-4305-80ee-fcce8bf164ed', 'f28960a3-334f-47cc-9121-b6472c8b0bf6', 'b24fc325-fcba-4fb9-9e85-0cfb3b393b80', 'Udh di lokasi ya', 'text', false, '2026-05-28T14:12:29.690548');